"URL","ASIN","Title","Brand","Fulfillment","Category","BSR","Subcategory","Price","Price Trend (90 days) (%)","Monthly Sales","Sales Trend (90 days) (%)","Monthly Revenue","Review Count","Reviews Rating","Seller","Number of Active Sellers","Last Year Sales","Sales Year Over Year (%)","Size Tier","Length","Width","Height","Weight","Storage Fee (Jan - Sep)","Storage Fee (Oct - Dec)","Best Sales Period","Age (Month)","Number of Images","Variation Count","Sales to Reviews"
"https://amazon.com/dp/B093P2SYT2","B093P2SYT2","TAISHER 5PCS 304 Stainless Steel 90 Degree Elbow Fittings, 1/2 Inch NPT Female Pipe to 1/2 Inch NPT Female 304 Stainless Pipe Fitting","TAISHER","FBA","Industrial & Scientific",11936,"Pipe Fittings",13.99,"N/A",292,21,4085.08,189,4.1,"Taisher",1,3558,40,"Large Standard-Size",1.54,4.02,5.43,0.75,13.42,46.69,"03/01/2023",31,7,46,1.54
"https://amazon.com/dp/B09G99PYY2","B09G99PYY2","GOVALVE Stainless Steel Float Ball Valves - 1/2” NPT Male Thread Flow Control Float Sensor Valve Automatic Water Level Control Float For Tank Pond Water Tower","GOVALVE","FBA","Industrial & Scientific",16010,"Float Valves",23.99,"N/A",170,76,4078.3,75,3.8,"govalve",1,1636,29,"Large Standard-Size",4.25,5.55,7.72,0.75,72.71,252.91,"03/01/2023",27,8,7,2.27
"https://amazon.com/dp/B0995CSHZP","B0995CSHZP","VieWood Wood Cutting Board (Set of 3) Whole Piece with Juice Grooves, Chopping Board for Meat Butcher Block, Vegetables, Fruits, Durable, Knife Friendly (11"",14""&18"")","VieWood","FBA","Kitchen & Dining",62833,"Cutting Boards",39.99,"N/A",121,70,4838.79,78,4.2,"VieWood - Vietnamese kitchenware manufacturer",1,821,7,"Large Standard-Size",2.6,10.83,15.51,6.64,174.39,606.57,"01/01/2023",26,8,7,1.55
"https://amazon.com/dp/B09R36HDXH","B09R36HDXH","A American Ayurveda 100% Pure Copper Water Bottles Joint Free, Leak Proof, Tumbler, Flask, Yoga, Health Benefits, Natural Ayurvedic Alkaline Water with Water Temperature Indicator (600ml (20Oz))","A","FBA","Kitchen & Dining",20114,"Thermoses",22.99,"N/A",346,641,7954.54,119,4.1,"American Ayurveda",1,2394,271,"Large Standard-Size",3.43,3.43,8.58,0.73,40.31,140.2,"04/01/2023",24,8,2,2.91
"https://amazon.com/dp/B09P6JNBRL","B09P6JNBRL","CASA COPENHAGEN Solitaire Designed in Denmark 600 GSM Hotel & Spa Decorative Kitchen & Bathroom Egyptian Cotton 6 Piece Towel Set, Includes 2 Bath Towels 2 Hand Towels 2 Washcloths – White","CASA COPENHAGEN","FBA","Home & Kitchen",105549,"Towel Sets",39.99,7,234,,9357.66,212,4.2,"Casa_Copenhagen",1,"N/A","N/A","Large Standard-Size",7.28,10.2,10.51,3.11,311.63,1083.93,"-",24,6,18,0.87
"https://amazon.com/dp/B07VTQDBDK","B07VTQDBDK","Genuine Purple Lambskin Leather Fabric: Purple Real Leather Material for Crafting and Bookbinding depending on The Leather Size (Purple Passion, 18x24In/ 45x60cm)","LeatherAA ITALIAN LEATHER COMPANY","FBA","Arts, Crafts & Sewing",36274,"Leathercraft",39.96,"N/A",103,-25,4115.88,193,4.1,"LeatherAA",1,1540,-16,"Small Oversize",2,2,19.5,0.35,21.67,54.17,"10/01/2022",37,5,115,0.53
"https://amazon.com/dp/B08SWCW1CH","B08SWCW1CH","Playology Plush Squeaky Ball Dog Toy - Engaging All Natural Peanut Butter Scented Dog Toy, for Medium Dogs - Squeak, Chew, Toss, Fetch, and Play!","Playology","FBM","Pet Supplies",42154,"Squeak Toys",16.99,-4,724,-65,12300.76,235,3.9,"Bones & Baths",2,10677,16,"Large Standard-Size",3.82,6.73,7.99,0.22,"N/A","N/A","12/01/2023",33,7,8,0.74
"https://amazon.com/dp/B0B4JTJWZK","B0B4JTJWZK","BsBsBest Curtain Rods for Windows 28 to 130 inch, 1 inch Wrap Around Window Industrial Double Curtain Rod, Black Adjustable Outdoor Curtain Rods Set, Blackout Rustic Farmhouse Curtain Rod","BsBsBest","FBA","Home & Kitchen",215675,"Single Rods",49.99,1,120,-14,5998.8,182,4.2,"BsBsBest-US",1,2946,"N/A","Large Standard-Size",4,4,16.6,5,106.06,368.89,"01/01/2023",17,7,7,0.66
"https://amazon.com/dp/B0932QK8S5","B0932QK8S5","TOPGREENER Humidity Sensor Switch, New Model, Air Moisture Detection for Ventilation Fan, Bathroom Fan Automated Control, Adjustable Timing, Neutral Wire Required, UL Listed, TDHS5-I, Ivory","TOPGREENER","FBA","Tools & Home Improvement",32850,"Ventilation Fans",28.99,"N/A",334,5,9682.66,348,4.2,"Top Greener Inc",1,3993,"N/A","Large Standard-Size",2.44,2.48,4.57,0.31,11.04,38.41,"11/01/2023",21,6,6,0.96
"https://amazon.com/dp/B09X2ZZD3R","B09X2ZZD3R","David's Home 100% Viscose Made from Bamboo Cooling Fitted Sheet, 16"" Deep Pocket for Hot Sleeper, Silky Soft Breathable Cozy for All Seasons, 1 Piece Silky Bottom Sheet Only, White, Queen Size","David's Home","FBA","Home & Kitchen",310413,"Fitted Sheets",32.99,-7,124,105,4090.76,266,4.2,"David's Home",1,"N/A","N/A","Large Standard-Size",3.23,7.48,9.29,2.23,89.62,311.74,"07/01/2023",18,6,14,0.47
"https://amazon.com/dp/B09X2XDRSH","B09X2XDRSH","David's Home 100% Viscose Made from Bamboo Cooling Fitted Sheet, 16"" Deep Pocket for Hot Sleeper, Silky Soft Breathable Cozy for All Seasons, 1 Piece Silky Bottom Sheet Only, Black, King Size","David's Home","FBA","Home & Kitchen",304746,"Fitted Sheets",36.99,4,124,105,4586.76,266,4.2,"David's Home",1,"N/A","N/A","Large Standard-Size",3.58,7.68,9.61,2.71,105.5,366.97,"07/01/2023",18,6,14,0.47
"https://amazon.com/dp/B0B6CK1RKT","B0B6CK1RKT","CH230 2-Pole 30-Amp Circuit Breaker, Type CH 3/4-Inch Plug-On Molded Case Circuit Breaker, Thermal Magnetic Protection, 10 KAIC, 120/240V, Fit for Cutler Hammer Load Centers (5 Years Warranty)…","Fxsmgdy","FBA","Tools & Home Improvement",28589,"Magnetic Circuit Breakers",21.99,-13,436,20643,9587.64,263,4.1,"US Circuit breaker",1,"N/A","N/A","Large Standard-Size",1.85,3.5,3.58,0.6,9.28,32.26,"02/01/2024",18,6,5,1.66
"https://amazon.com/dp/B09Z1574HW","B09Z1574HW","HERITAGE LIVING Storage Bin with Bamboo Lid, Decorative Stackable Basket Table Bookcase Kitchen Office Organizing, Multipurpose Basket Organizer Bin (SMALL, CLEAR)","HERITAGE LIVING","FBA","Home & Kitchen",158409,"Storage & Organization",35.86,"N/A",262,46,9400.56,262,4.2,"GoodSprings",1,4363,"N/A","Large Standard-Size",5.71,8.43,12.8,1.81,246.02,855.74,"01/01/2023",21,6,38,1
"https://amazon.com/dp/B0B1J4RM8Q","B0B1J4RM8Q","Cat Shelves Cat Wall Shelf and Cat Ladder of 4 Level, Cat Houses Condos for Activity Indoor Cats Furniture Wall Mounted Cat Wall Steps Set with Hexagon Nest Perches 2 PCS Set","Yehnna","FBA","Pet Supplies",22674,"Trees",47.99,"N/A",160,,7678.4,409,4.2,"Yehnna",1,"N/A","N/A","Large Standard-Size",4.75,13.5,17.25,9.25,441.69,1536.33,"02/01/2024",19,5,6,0.39
"https://amazon.com/dp/B0BR5HCL36","B0BR5HCL36","SETWIER Full Rainbow Butterfly Duvet Cover Set Pink Flower Duvet Cover for Kids Bedding Set Ultra Soft Breathable Kids Boys Girls Teens Comforter Cover 3Pcs with 2 Pillowcase","SW SETWIER","FBA","Home & Kitchen",264515,"Duvet Cover Sets",39.99,"N/A",102,-33,4078.98,73,3.8,"Witsell",2,"N/A","N/A","Large Standard-Size",2.99,8.31,10.87,2.34,107.85,375.12,"07/01/2023",7,9,200,1.4
"https://amazon.com/dp/B0BP32R3SM","B0BP32R3SM","Architectural Mailboxes Windsor Plastic Wall Mount Mailbox, WMH00WAM, White, Small Capacity","ARCHITECTURAL MAILBOXES","FBM","Tools & Home Improvement",47780,"Wall-Mount Mailboxes",25.79,3,222,,5725.38,52,4.2,"CloseOutDeals23",6,"N/A","N/A","Large Standard-Size",5.59,8.94,15.79,1.96,"N/A","N/A","12/01/2023",5,4,2,4.27
"https://amazon.com/dp/B0C6YG3T5M","B0C6YG3T5M","Nordic Ware Naturals Two Half Sheets with Lid Set, 3-Pieces","Nordic Ware","Amazon","Kitchen & Dining",30024,"Baking & Cookie Sheets",29.99,"N/A",374,-52,11216.26,47,4.2,"Amazon",2,"N/A","N/A","Small Oversize",3,13.25,18.25,4.2,"N/A","N/A","12/01/2023",8,11,0,8.5
"https://amazon.com/dp/B0BWXYSKLY","B0BWXYSKLY","EZ Moms 2 Packs Baby Reusable Swim Diapers Soft and Silky Toddler Swim Diaper Washable Baby Swim Diaper 6M Water Diapers Infant Swim Diaper Waterproof Diapers for Swimming Boys and Girls","EZ Moms","FBA","Baby Products",6108,"Cloth Diapers",16.99,"N/A",561,780,9531.39,35,3.8,"EZ Moms",1,"N/A","N/A","Large Standard-Size",1.65,5.71,6.69,0.19,25.23,87.75,"01/01/2024",5,6,20,17.53
"https://amazon.com/dp/B0C7HNBP9B","B0C7HNBP9B","ETTA SAYS! Sit Peanut Butter Training Treats for Dogs 16 Ounce Soft Dog Treats – Made in The USA Dog Treats, Limited Ingredients, Low Calorie, No Gelatin, Wheat, Corn or Soy","ETTA SAYS!","FBA","Pet Supplies",23428,"Cookies, Biscuits & Snacks",17.99,"N/A",341,52,6134.59,29,4.1,"Tru Inertia",2,"N/A","N/A","Large Standard-Size",1.85,7.24,10.2,1.04,54.58,189.84,"01/01/2024",6,5,3,11.76
"https://amazon.com/dp/B0C372STB2","B0C372STB2","Fumete 2 Pcs Decorative Pillows 14 x 14 Inch Throw Knot Pillow for Couch Bedroom Soft Plush Sofa Pillow Ball Handmade Chair Cushion for Living Room Car Decorations (Pink)","Fumete","FBA","Home & Kitchen",48920,"Throw Pillows",34.99,"N/A",222,47,7767.78,139,4.2,"QiaooUKpcco",1,"N/A","N/A","Large Standard-Size",5.79,9.57,11.85,2.93,262.19,911.96,"08/01/2023",8,6,9,1.6
"https://amazon.com/dp/B0C5MLWJYJ","B0C5MLWJYJ","HUISEFOR Blue Flower Stand Mixer Cover Home Kitchen Washable Appliance Cover, Kitchen Decorations Universal Dust Proof Mixers Protector with Top Handle and Pockets","HUISEFOR","FBA","Home & Kitchen",100137,"Mixer Parts & Accessories",16.99,"N/A",269,11,4570.31,97,4.2,"HUISEFOR",2,"N/A","N/A","Small Standard-Size",4,4,0.4,0.2,2.56,8.89,"11/01/2023",7,7,156,2.77
"https://amazon.com/dp/B0BL8MHFCF","B0BL8MHFCF","KwikSafety - Charlotte, NC - GODMOTHER Class 2 Safety Vest for Women - 5 POCKETS - ANSI Tested OSHA Compliant Reflective Work Gear PPE/Orange Medium","KwikSafety","FBA","Tools & Home Improvement",47261,"Vests",44.96,"N/A",172,47,7733.12,16,3.6,"KwikSafety",1,"N/A","N/A","Large Standard-Size",2.6,10.87,12.13,1.2,136.71,475.52,"10/01/2023",7,9,74,10.75
"https://amazon.com/dp/B0BCDJTQWQ","B0BCDJTQWQ","LazBlinds No Tools No Drill Cordless Dual Layer Zebra Roller Blinds, Light Filtering Sheer Shades Horizontal Window Blinds for Windows Size 30'' W x 72'' H, Cream","LazBlinds","FBA","Home & Kitchen",149115,"Roller Shades",27.93,"N/A",181,291,5055.33,61,4.2,"MMayer Store",1,1995,"N/A","Small Oversize",2.1,2.6,33.2,2.6,50.35,125.88,"07/01/2023",7,8,160,2.97
"https://amazon.com/dp/B0C8SBQ6JC","B0C8SBQ6JC","BedStory Pillows for Sleeping,Standard Pillows Set of 2,Cooling Pillows with Mesh Design,Premium Soft Down Alternative Fill Supportive for Back, Stomach or Side Sleepers","BedStory","Amazon","Home & Kitchen",127961,"Bed Pillows",27.55,-9,409,684,11267.95,389,4.1,"Amazon",1,"N/A","N/A","Large Standard-Size",6,11,16,5.6,"N/A","N/A","08/01/2023",7,8,5,1.07
"https://amazon.com/dp/B0C2CHKM9G","B0C2CHKM9G","15 Pcs Henoyso Poster Protector Sleeve 11x17 Inch Clear Rigid Print Plastic Protectors Sheet Heavy Duty Crystal Frame Holder for Magazine Photo Paper Poster Prints","Henoyso","FBA","Office Products",31479,"Sheet Protectors, Card & Photo Sleeves",29.99,-7,275,15,8247.25,37,4.2,"Tiimmeen",1,"N/A","N/A","Large Standard-Size",1,12,18,4.75,86.25,300,"10/01/2023",3,6,6,7.43
"https://amazon.com/dp/B0C7BHXSJK","B0C7BHXSJK","20oz City Classic Stainless Steel Tumbler with Lid and Straw for Football Fans Gifts Skinny Travel Mug Tumbler Cup Keeps Drinks Cold & Hot","Generic","FBA","Kitchen & Dining",53979,"Tumblers & Water Glasses",23.99,-2,267,-47,6405.33,37,4.2,"Hlee Pice",1,"N/A","N/A","Large Standard-Size",8.69,3.26,3.17,0.8,35.86,124.73,"12/01/2023",8,8,17,7.22
"https://amazon.com/dp/B0C23X17T3","B0C23X17T3","HOMBYS Light Grey Oversized King Flat Sheets Extra Large,Soft & Durable Bed Sheet,Smooth & Breathable Top Sheet 120 in x120 in","HOMBYS","FBA","Home & Kitchen",166617,"Flat Sheets",28.99,"N/A",158,8,4580.42,172,4.1,"ISHOME",1,2262,64,"Large Standard-Size",2,11,16,2.2,140.56,488.89,"10/01/2023",8,7,11,0.92
"https://amazon.com/dp/B0BGZX72BB","B0BGZX72BB","Resin Balloon Dog Sculpture,Creative Cute Animal Crafts Figurine Balloon Dog Shaped Statue Art Sculpture Modern Desktop Ornament Decoration for Home Bedroom Living Room & Office Decor(Black,8""x8""x3"")","Addzoe","FBA","Home & Kitchen",29279,"Statues",19.99,"N/A",521,-19,10414.79,158,4.1,"landtrade ltd.",1,5517,"N/A","Large Standard-Size",4.37,8.62,9.37,1.3,140.94,490.23,"08/01/2023",7,2,22,3.3
"https://amazon.com/dp/B0C1CJH2JG","B0C1CJH2JG","Fortuhome White Matte Peel and Stick Wallpaper 393.7""X24"", Self-Adhesive Removable Matte Contact Paper for Cabinet, Thicken Waterproof Vinyl Wall Covering for Countertop Bathroom Kitchen Farmhouse","Fortuhome","FBA","Tools & Home Improvement",48778,"Wallpaper",39.99,"N/A",248,-18,9917.52,180,3.9,"Fortuhome",1,"N/A","N/A","Small Oversize",3,3.2,25.2,3.55,67.2,168,"09/01/2023",8,6,19,1.38
"https://amazon.com/dp/B0BYTD4Y1Q","B0BYTD4Y1Q","MOOFUN Cooling Blanket-Twin Bed Size 60 * 80 inches Q-max >0.46 Arc-Chill Technology Cooling Blankets for hot Sleepers Night Sweats hot Flashes Cool Thin Soft Lightweight Machine Washable-Beige","MOOFUN","FBA","Home & Kitchen",107015,"Bed Blankets",29.99,36,150,5,4498.5,94,4.2,"Happybull",1,1383,"N/A","Large Standard-Size",5.47,5.79,10.83,2.54,136.96,476.39,"07/01/2023",8,8,8,1.6
"https://amazon.com/dp/B0B8HG4J8H","B0B8HG4J8H","DAN SPEED Full Port Ball Valve Male x Female S304 Stainless Steel Heavy Duty for Water, Oil, and Gas,1000WOG (1inch)","DAN SPEED","FBA","Industrial & Scientific",8807,"Ball Valves",13.99,"N/A",320,51,4476.8,42,3.8,"Megairon",2,"N/A","N/A","Large Standard-Size",1.89,4.84,5.12,0.79,18.7,65.05,"01/01/2024","-",8,8,7.62
"https://amazon.com/dp/B0BVQT58GY","B0BVQT58GY","MAXIJIN Velvet Stretch Couch Cushion Covers Soft Loveseat Cushion Cover Replacement Sofa Seat Cushion Slipcovers RV Protector with Elastic Bottom (1 Piece Loveseat Cushion Cover, Gray)","MAXIJIN","FBA","Home & Kitchen",36341,"Sofa Slipcovers",17.99,-1,810,51,14571.9,331,4.2,"MAXIJIN SHOP",1,4813,60063,"Large Standard-Size",3.9,6.65,8.58,0.5,88.85,309.06,"01/01/2024","-",7,68,2.45
"https://amazon.com/dp/B0C4KVZMR2","B0C4KVZMR2","GSTUITGO Universal Stretch Sofa Covers,Couch Cushion Slipcovers for Sofa Bedroom,Anti-Slip L Shape Sofa Covers for Sectional Sofa,Chaise Lounge Sofa Slipcover,Wear-Resistant(Seablue,Single Seat)","GSTUITGO","FBA","Home & Kitchen",94410,"Sofa Slipcovers",16.99,"N/A",283,208,4808.17,58,3.7,"GSTTGO",1,"N/A","N/A","Large Standard-Size",2.64,6.85,9.29,0.37,67.08,233.33,"06/01/2023",7,7,108,4.88
"https://amazon.com/dp/B0B46491F9","B0B46491F9","FOYWOTI Hex Shank,Hole Saw HSS with Arbor Bi-Metal & Heavy Duty Hole Saw Cutter for Wood Corn Hole Boards Plastic Drywall (7-7/8""(200mm))","FOYWOTI","FBA","Tools & Home Improvement",58144,"Hole Saws",39.99,-73,229,,9157.71,28,4.1,"CHONGMO",1,"N/A","N/A","Large Standard-Size",1.89,8.23,8.23,3.95,51.12,177.8,"01/01/2024","-",6,71,8.18
"https://amazon.com/dp/B0C32YSS65","B0C32YSS65","dovfa Laundry Room Rug: 17""X60"" Laundry Room Decor and Accessories Anti-Slip Light Grey Runner Rug Machine Washable Text Design Laundry Mat - Area Rug for Farmhouse Kitchen Bathroom Mudroom Washroom","dovfa","FBA","Home & Kitchen",134219,"Runners",19.99,-18,280,-49,5597.2,216,4.2,"dovfa US",1,"N/A","N/A","Large Standard-Size",5.2,7.52,17.95,1.17,280.28,974.88,"11/01/2023",7,7,8,1.3
"https://amazon.com/dp/B0C39SP6QC","B0C39SP6QC","Fainne 150 Pack Photo Folders Cardboard Picture Frame Photo Frame Note Cards Cardboard Photo Folders Paper Greeting Cards Photo Inserts for Portraits Christmas Wedding Graduation (Black, 4 x 6 Inch)","Fainne","FBA","Office Products",35522,"Cards",29.99,-2,199,-16,5968.01,42,4,"Guouganty",1,"N/A","N/A","Large Standard-Size",6.38,8.43,10.31,4.52,221.42,770.15,"07/01/2023",5,6,4,4.85
"https://amazon.com/dp/B0C1GZSRTG","B0C1GZSRTG","ZAKUN Knot Pillow Balls, Round Ball Pillows Decorative Throw Pillows, Soft Plush Knotted Pillows Home Decoration for Sofa Bed Couch Handmade Knotted Ball Throw Pillow Cushion - Blue 13.7 inch","ZAKUN","FBA","Home & Kitchen",194897,"Throw Pillows",35.99,"N/A",138,-11,4966.62,83,4.2,"Roseya",1,2040,"N/A","Small Oversize",8.15,10,11.06,2.58,250.39,625.97,"07/01/2023","-",7,29,1.66
"https://amazon.com/dp/B0BZYGN4HR","B0BZYGN4HR","Battery Pressure Washer Portable，Cordless Pressure Washer Battery Powered with 6-in-1 Nozzle Max 1.5mpa Power Washer Floor Cleaner Indoor Car Wall Cleaning & Garden Watering","ＭＥＩＫＥＬＡ　ＭＥＩ","FBA","Patio, Lawn & Garden",16227,"Pressure Washers",49.9,-7,99,194,4940.1,360,3.9,"MEIKELAMEI",1,"N/A","N/A","Large Standard-Size",5.5,11.5,13.75,8.1,347.27,1207.9,"10/01/2023",6,5,5,0.28
"https://amazon.com/dp/B0C8B17JN1","B0C8B17JN1","2Set Rainwater Collection System,Downspout Diverter with Adjustable Collection Capacity, UV-Resistant Rain Barrel Diverter Kit RainWater Catching(2 * 3, White 2set)","KMJETNIVY","FBA","Patio, Lawn & Garden",17872,"Rain Barrels",35.89,"N/A",214,134,7680.46,259,4.1,"KMJETNIVY",1,5132,"N/A","Large Standard-Size",17,11,4,1,298.68,1038.89,"05/01/2023",8,6,4,0.83
"https://amazon.com/dp/B0C3QV8Y29","B0C3QV8Y29","Tayney Orange Kitchen Curtains Beige Grey Window Curtains Over Sink Set of 2, Abstract Painting Art Short Tier Curtain for Kitchen, Modern Small Kitchen Decor 26"" x 36""","Tayney","FBA","Home & Kitchen",67863,"Tiers",14.99,-4,272,212,4077.28,108,4.2,"Tayney",1,"N/A","N/A","Small Standard-Size",0.35,7.36,9.17,0.37,9.56,33.24,"07/01/2023",4,7,36,2.52
"https://amazon.com/dp/B0BVM6J486","B0BVM6J486","FIROS PLA 3D Printer Filament 1.75mm PLA Filament 2.2lbs/1kg Spool 3D Printing Filament 1.75mm 3D Printer PLA Filament Dimensional Accuracy +/- 0.03mm, White PLA Fit Most FDM Printers","FIROS","FBA","Industrial & Scientific",12290,"3D Printing Filament",13.99,1,397,-46,5554.03,90,4.2,"abcpretty",1,"N/A","N/A","Large Standard-Size",3.23,8.62,14.68,2.82,163.21,567.68,"11/01/2023",6,7,11,4.46
"https://amazon.com/dp/B0C36WCK13","B0C36WCK13","Spiral Taper Candle Twisted Candlesticks,Set of 4 Green Candle Stick Christmas Tapered Candles Long Twist Candle for Home Décor Dinner Festive Holiday (3D4PC-GREEN-9 INCH)","Gedengni","FBA","Home & Kitchen",47526,"Taper Candles",18.99,"N/A",557,-47,10577.43,376,4.2,"The Best Way",1,"N/A","N/A","Large Standard-Size",1.65,5.43,11.5,0.6,41.14,143.1,"11/01/2023",8,7,39,1.48
"https://amazon.com/dp/B0BZ9GKZ56","B0BZ9GKZ56","Spring Pure Copper Hammered Design Pitcher and Bedside Carafe, Lid can be Used as Glass for Drinking (1.4 LTR) Venus Jar Sea Green","Spring","FBA","Kitchen & Dining",48823,"Carafes",50,"N/A",112,0,5600,24,3.8,"Spring Home Collections",1,"N/A","N/A","Large Standard-Size",5.12,5.28,10.12,0.99,109.24,379.97,"01/01/2024",2,6,5,4.67
"https://amazon.com/dp/B0C2GYZ5H2","B0C2GYZ5H2","Krightlink Step Ladder Folding Step Stool with Wide Anti-Slip Pedal, Portable Sturdy Steel Step Ladders Lightweight for Kitchen Household and Office (3 Step)","Krightlink","FBA","Tools & Home Improvement",48813,"Step Ladders",38.99,-8,209,-5,8148.91,175,3.9,"Krightlink",1,"N/A","N/A","Small Oversize",2,18.6,32,8.5,330.67,826.67,"12/01/2023",8,7,6,1.19
"https://amazon.com/dp/B0C49NBDW6","B0C49NBDW6","5 Pcs 8 1/2'' x 11'' Rigid Magnetic Sign Holder Magnetic Frames Clear Plastic Paper Holder with Magnet Borders Magnetic Document Holder for Letter Size Poster Display Home Office Store","Yexiya","FBA","Office Products",21660,"Store Sign Holders",16.99,"N/A",270,119,4587.3,19,3.9,"Jingfanun",1,"N/A","N/A","Small Standard-Size",0.75,10.16,12.09,0.93,36.79,127.95,"10/01/2023",6,6,5,14.21
"https://amazon.com/dp/B0BTSVXJ3Z","B0BTSVXJ3Z","ZYJT White Oak Edge Banding, 3/4 inch x 50ft roll of Real Wood Edge Banding Pre-glued Flexible, Veneer Tape Banding for Cabinet Repair Furniture Restoration","ZYJT","FBA","Tools & Home Improvement",11955,"Veneers",15.88,"N/A",827,154,13132.76,149,4.2,"ZYJT",1,"N/A","N/A","Large Standard-Size",0.79,5.35,7.48,0.23,12.59,43.8,"01/01/2024","-",8,223,5.55
"https://amazon.com/dp/B0C6JJSQ92","B0C6JJSQ92","Harloon 4 Pieces Boho Arch Wood Bookends Rainbow Arch Book Lovers Gift Ideas Non Skid Bookend Decorative Wooden Book Stand Book Stoppers for Books Movies Cds","Harloon","FBA","Office Products",26157,"Bookends",22.99,-1,261,-16,6000.39,17,3.5,"Muasung",1,"N/A","N/A","Large Standard-Size",2.36,4.06,5.94,1.15,22.73,79.05,"01/01/2024",7,7,4,15.35
"https://amazon.com/dp/B0B1TL52KD","B0B1TL52KD","DPSAFETY High Visibility Hoodie for Men,Class3 Hi Vis Hoodie with Zipper,Reflective Hoodie Hood,Construction Work Safety Sweatshirt with Large Front Pocket for Men/Women Black Bottom 3XL","DPSAFETY","FBA","Tools & Home Improvement",28819,"Shirts",46.99,-3,301,-22,14143.99,106,3.9,"dpsafety",1,"N/A","N/A","Large Standard-Size",3.23,12.13,14.96,1.76,234.05,814.07,"10/01/2023","-",7,49,2.92
"https://amazon.com/dp/B0C4TH6XYD","B0C4TH6XYD","APBATS 5 Tier Removable Movable Bookshelf, Mobile Unique Bookcase, Utility Organizer Yellow Bookshelves with Wheels for Kids Children Students Study in Bedroom Living Room Home School","APBATS","FBA","Home & Kitchen",227914,"Bookcases",38.98,12,214,20,8341.72,180,3.9,"Muzhou Business",1,"N/A","N/A","Large Standard-Size",6.89,12.4,15.31,4.37,522.3,1816.7,"08/01/2023",8,8,8,1.19
"https://amazon.com/dp/B0C1TRPTFC","B0C1TRPTFC","BEKVEM Bamboo Folding Step Stool with Sturdy Structure and Wide Stepping Surface for Safety, Multi-Purpose Foldable Step Stool, Step Ladder for Bathroom,Bedroom,Kitchen Step Stools for Adults 350 lbs","BEKVEM","FBA","Home & Kitchen",87314,"Step Stools",49.99,18,246,93,12297.54,41,3.8,"BEKVEMLIVING",1,"N/A","N/A","Large Standard-Size",4.61,13.58,17.72,10.93,442.61,1539.51,"01/01/2024",7,7,0,6
"https://amazon.com/dp/B0BW5RVQRS","B0BW5RVQRS","JNSMFC 12 Oz Double Wall Glass Coffee Mugs Set of 6 - with 6 Spoons,Insulated Glass Coffee Espresso Cups,Clear Borosilicate Glass Coffee Mugs,Perfect for Latte,Tea,Milk,Cold Beverage,Cappuccino","JNSMFC","FBA","Kitchen & Dining",81409,"Mug Sets",29.99,-8,144,156,4318.56,47,4.1,"JNSM store",1,"N/A","N/A","Large Standard-Size",5.43,8.82,13.27,3.02,253.77,882.69,"01/01/2024","-",7,6,3.06
"https://amazon.com/dp/B0C4GX9KJK","B0C4GX9KJK","GARTO LED Under Cabinet Lights 2 Packs,21.26 inch Motion Sensor USB Rechargeable Closet Light,Dimmable Hill Effect Under Counter Lights for Kitchen Wardrobe Trunk(Silver, 21.26inch-2 Pack)","GARTO","FBA","Tools & Home Improvement",59193,"Under-Cabinet Lights",36.99,-4,184,88,6806.16,48,4.2,"GARTO-US",1,"N/A","N/A","Large Standard-Size",1.3,3.46,11.89,0.88,21.36,74.28,"01/01/2024",7,7,9,3.83
"https://amazon.com/dp/B0C1GN13M9","B0C1GN13M9","Millsilo Floor Pillow, Large Floor Cushions, Square Floor Cushion Seating for Adults Kids, Tufted Thick Meditation Cushion for Yoga Living Room Tatami Fireplace Outdoor Floor, 22x22x4 Inch, Coffee","Millsilo","FBA","Home & Kitchen",28578,"Floor Pillows & Cushions",28.99,"N/A",380,111,11016.2,83,4.2,"Millsilo",1,"N/A","N/A","Large Standard-Size",4.17,11.02,14.84,2.54,272.31,947.15,"07/01/2023",7,8,34,4.58
"https://amazon.com/dp/B0C7DYM39L","B0C7DYM39L","Laura Ashley - Anti-Fatigue Kitchen Mat, Iris Floral Design, Stain, Water & Fade Resistant, Cooking & Standing Relief, Non-Slip Backing, 2 Piece Set, Tawny Yellow","Laura Ashley","Amazon","Kitchen & Dining",69457,"Comfort Mats",42.72,-3,131,744,5596.32,55,4,"Amazon",2,"N/A","N/A","Small Oversize",6.73,7.91,18.15,4.92,"N/A","N/A","01/01/2024",5,8,12,2.38
"https://amazon.com/dp/B0C3CW35Y5","B0C3CW35Y5","VOLEAAR Glossy Grey Marble Contact Paper 35 x 196 Inches Peel and Stick Wallpaper Vinyl Film Self Adhesive Removable Waterproof Wall Paper for Countertop Cabinet","VOLEAAR","FBA","Tools & Home Improvement",33812,"Wallpaper",49.99,3,242,70,12097.58,270,4,"VOLEAAR WALLPAPER",1,"N/A","N/A","Small Oversize",2.25,2.25,36,2.2,50.63,126.56,"10/01/2023","-",7,38,0.9
"https://amazon.com/dp/B0C6945C57","B0C6945C57","Zipper Fitted Sheet, Twin Size Zipper Fitted Sheet 8 Inch Deep Pocket, Hotel Quality Brushed Microfiber Bottom Sheet, Soft Wrinkle-Free Sheet, Zipper Mattress Cover 1 Fitted Sheet Only - Sage","SKY BEDDINGS","FBM","Home & Kitchen",70371,"Fitted Sheets",40.94,"N/A",341,105,13960.54,48,4.2,"Sky Beddings",1,"N/A","N/A","Large Standard-Size",11,9,2.5,1.87,"N/A","N/A","10/01/2023",3,7,270,7.1
"https://amazon.com/dp/B0C69473KV","B0C69473KV","Zipper Fitted Sheet, Twin Size Zipper Fitted Sheet 12 Inch Deep Pocket, Hotel Quality Brushed Microfiber Bottom Sheet, Soft Wrinkle-Free Sheet, Zipper Mattress Cover 1 Fitted Sheet Only - Burgundy","SKY BEDDINGS","FBM","Home & Kitchen",70371,"Fitted Sheets",44.09,"N/A",341,105,15034.69,48,4.2,"Sky Beddings",2,"N/A","N/A","Large Standard-Size",11,9,2.5,1.97,"N/A","N/A","10/01/2023","-",7,270,7.1
"https://amazon.com/dp/B0C692R9VB","B0C692R9VB","Zipper Fitted Sheet, Extra Long Zipper Fitted Sheet 8 Inch Deep Pocket, Hotel Quality Brushed Microfiber Bottom Sheet, Soft Wrinkle-Free Sheet, Zipper Mattress Cover 1 Fitted Sheet Only - Sage","SKY BEDDINGS","FBM","Home & Kitchen",70371,"Fitted Sheets",43.04,"N/A",341,105,14676.64,42,4.2,"Sky Beddings",2,"N/A","N/A","Large Standard-Size",11,9,2.5,1.99,"N/A","N/A","10/01/2023",6,7,270,8.12
"https://amazon.com/dp/B0C3L61DZ5","B0C3L61DZ5","Foiresoft No Tools Pleated Fabric Shades, Temporary Window Blinds, No Drilling Self Adhesive Blinds, Easy to Cut and Install, Trim at Home, Cordless Duo Tone Blackout White, 36 in X 72 in, 1 Pack","Foiresoft","FBA","Home & Kitchen",275122,"Pleated Shades",25.77,-20,266,376,6854.82,134,3.9,"foiresoft",1,"N/A","N/A","Small Oversize",1.3,1.75,36.4,0.61,23,57.51,"07/01/2023",8,4,79,1.99
"https://amazon.com/dp/B0C1T8GWR3","B0C1T8GWR3","Atomizer Sprayer，Rechargeable ULV Nano Sprayer with Blue Light,Electrostatic ULV Atomizer Sprayer，Electrostatic Portable Sprayer","S OUJCEN","FBA","Patio, Lawn & Garden",29929,"Foggers",26.99,"N/A",168,290,4534.32,29,4,"SOUJCEN",1,"N/A","N/A","Large Standard-Size",3.54,8.03,9.76,1.15,110.78,385.33,"01/01/2024",7,7,0,5.79
"https://amazon.com/dp/B0C2TS7HMF","B0C2TS7HMF","Oxdigi Wooden Slat Peel and Stick Wallpaper - Self-Adhesive Contact Paper with 3D Effect | Waterproof & Removable | PVC Contact Paper for Countertops & Cabinets | 11.8 in x 16.4 ft | Light Wood","Oxdigi","FBA","Tools & Home Improvement",23928,"Wallpaper",15.99,"N/A",509,97,8138.91,113,3.9,"Freshtour Technology Limited",1,2139,"N/A","Large Standard-Size",1.89,1.93,11.97,1.01,17.42,60.6,"01/01/2024",7,7,15,4.5
"https://amazon.com/dp/B0BS3K2ZFJ","B0BS3K2ZFJ","Hygie Rinse Pull-out Faucet Hose Replacement Compatible with Hansgrohe/Grohe Kitchen Faucets with 6 Adapters, Standard 88624000/46174000 /46092000 Model Hose Replacment, 59 Inches, with Weight Ball","Hygie Rinse","FBA","Tools & Home Improvement",24848,"Faucet Spray Hoses",28.99,2,326,,9450.74,55,4.1,"Home working Hall",1,"N/A","N/A","Large Standard-Size",2.4,5.67,6.02,1.68,32.71,113.78,"01/01/2024",7,6,7,5.93
"https://amazon.com/dp/B0C1YPC681","B0C1YPC681","Focuprodu Bench Cushion. Non-Slip Bench Cushion for Indoor/Outdoor in Multiple Scenarios.45x18 Inch Bench Cushion Ideal Cushion for Benches, Sofas and Raised Windows. (45x18x4, Light Gray)","Focuprodu","FBA","Patio, Lawn & Garden",69284,"Cushions",41.99,-5,169,-56,7096.31,77,4.2,"Focuprodu",1,"N/A","N/A","Large Standard-Size",4.09,11.02,16.38,3.84,294.8,1025.38,"11/01/2023",2,7,15,2.19
"https://amazon.com/dp/B0C7ZF2XG4","B0C7ZF2XG4","MTLEE 60 Sets Baby Shower Favors for Guests Little Cutie Party Favors Tea Light Candles with Thank Tags and Return Gift Bags Cutie Baby Shower Decorations for Baby Gender Reveal Party (Animal)","MTLEE","FBA","Home & Kitchen",35159,"Birthday Candles",17.99,-4,407,823,7321.93,64,4.2,"Yinyee",1,"N/A","N/A","Large Standard-Size",1.89,5.98,8.94,1.1,40.35,140.34,"10/01/2023",7,7,11,6.36
"https://amazon.com/dp/B0C5MK2721","B0C5MK2721","HUISEFOR Stand Mixer Cover Compatible with Kitchen Aid Mixer, Cute Sunflower Kitchen Appliance Dustproof Covers with Accessories Pockets, Fits All Tilt Head & Bowl Lift Models Mixers","HUISEFOR","FBA","Home & Kitchen",100137,"Mixer Parts & Accessories",17.99,4,269,11,4839.31,94,4.2,"HUISEFOR",2,"N/A","N/A","Large Standard-Size",1.18,5.79,10.24,0.4,27.94,97.17,"11/01/2023",7,7,156,2.86
"https://amazon.com/dp/B0C2PX25G4","B0C2PX25G4","MixcMax Under Bed Storage with Wheels - Rolling Underbed Storage Containers with Lid, Metal Under Bed Shoe Storage Organizer Drawer, Underbed Storage Bins for Clothes Toys Books (2 Pack, Black)","MixcMax","FBA","Home & Kitchen",65796,"Under-Bed Storage",44.98,-2,304,3,13673.92,110,4.2,"Haojun Auto-US",1,"N/A","N/A","Small Oversize",6.73,14.17,18.74,8.44,496.42,1241.06,"08/01/2023",7,13,7,2.76
"https://amazon.com/dp/B0C547P19W","B0C547P19W","Automatic Chicken Feeder Set Hanging Chicken Feeder No Waste Poultry Feeder Kit 20lb Chicken Feed Container","mozoba","FBA","Patio, Lawn & Garden",38503,"Feeders",49.99,"N/A",101,110,5048.99,18,4.1,"mozoba",1,"N/A","N/A","Large Standard-Size",7.5,10.5,11.3,4,355.33,1235.94,"01/01/2024",7,6,2,5.61
"https://amazon.com/dp/B0C6Q6F34F","B0C6Q6F34F","Gardenia Fertilizer for Gardenias, Camellia and Rhododendron Plants, Flowering Liquid Plant Food 32 oz (1 Quart)","TPS NUTRIENTS","FBA","Patio, Lawn & Garden",12038,"Fertilizers & Plant Food",24.99,28,207,278,5172.93,55,4.1,"TPS Nutrients",1,"N/A","N/A","Large Standard-Size",3.11,3.27,8.94,2.51,36.3,126.27,"07/01/2023",5,6,4,3.76
"https://amazon.com/dp/B0C1RDN5B1","B0C1RDN5B1","Kitico Black and Gold Peel and Stick Wallpaper Black Stripe Contact Paper Removable Self Adhesive Wallpaper Waterproof Geometric Wallpaper for Walls Covering Vinyl Rolls 17.3''x393.7''","Kitico","FBA","Tools & Home Improvement",37501,"Wallpaper",29.99,"N/A",406,66,12175.94,115,4.1,"Kitico",1,"N/A","N/A","Large Standard-Size",2.24,2.36,17.6,2.34,37.15,129.22,"10/01/2023",6,7,8,3.53
"https://amazon.com/dp/B0C4L2J8ZW","B0C4L2J8ZW","Ronlap Furniture Movers, Furniture Dollies Moving Dolly 4 Wheels Heavy Duty, Furniture Lifter Mover Tool Set for Moving Equipment Heavy Furniture Appliance Refrigerator Sofa, 1280Lbs Capacity, Black","Ronlap","FBA","Industrial & Scientific",48932,"Dollies",39.99,"N/A",196,-54,7838.04,210,3.6,"SonLap",1,"N/A","N/A","Large Standard-Size",3.7,8.86,12.68,7.63,165.95,577.21,"07/01/2023",7,7,4,0.93
"https://amazon.com/dp/B0C4M893JD","B0C4M893JD","Door Draft Stopper with Brush Reduce Noise, 39"" Rubber Door Sweep Breeze Blocker, Adjustable Under Door Draft Stoppers, Soundproofing for Doors, Door Seal - Grey","YINGD","FBA","Home & Kitchen",66314,"Draft Stoppers",13.99,"N/A",388,,5428.12,108,3.7,"ETONT",1,"N/A","N/A","Large Standard-Size",2.24,6.3,6.93,0.66,39.05,135.83,"01/01/2024",6,7,4,3.59
"https://amazon.com/dp/B0C2KJH37D","B0C2KJH37D","CHHKON Velvet Recliner Covers for Recliner Chair Cover Waterproof Chair Covers for Living Room Non-Slip Bottom Furniture Protector with Adjustable Stretchy Straps (Grey, 23"")","CHHKON","FBA","Home & Kitchen",206971,"Recliner Slipcovers",29.99,"N/A",143,343,4288.57,91,4.2,"CHHKON",1,"N/A","N/A","Large Standard-Size",3.5,12.91,16.22,2.58,292.65,1017.92,"07/01/2023","-",7,18,1.57
"https://amazon.com/dp/B0C3L5N5TG","B0C3L5N5TG","Cedar Space Lavender Sachet Bags for Drawers and Closets 24 Lavendar Sachet Bags Filled with Premium Dried Scented Lavender Bridal Shower Favors Home Fragrance Sachet Packets Closet Smell Freshener","Cedar Space","FBA","Home & Kitchen",82103,"Sachets",16.99,-6,266,187,4519.34,134,4.2,"Cedar Space",1,"N/A","N/A","Large Standard-Size",2.32,7.4,7.44,0.57,51,177.4,"10/01/2023",7,7,4,1.99
"https://amazon.com/dp/B0BBSXWWYK","B0BBSXWWYK","Tatazone 16.4ft Tunable White Smart COB Led Strip Light Kit, CCT 2700K-6500K Bright COB Led Tape Light Work with Alexa and Google, Dimmable Indoor COB Led Ribbon for Kitchen Cabinet, Room, TV","Tatazone","FBA","Tools & Home Improvement",82275,"LED Strip Lights",39.99,"N/A",116,12,4638.84,62,4,"Tatazone",1,"N/A","N/A","Large Standard-Size",1.77,5.28,5.31,0.55,19.82,68.92,"01/01/2024",8,7,4,1.87
"https://amazon.com/dp/B0C744K52L","B0C744K52L","TWISBAY Crochet Kit for Beginners with Crochet Yarn - Trex Dinosaur Amigurumi Crochet Kit with Step-by-Step Video Tutorials for Adults and Kids","TWISBAY","FBA","Arts, Crafts & Sewing",30819,"Crochet Kits",17.99,-22,664,93,9953.36,113,3.9,"HUNSTAR",1,"N/A","N/A","Large Standard-Size",2.4,4.92,5.67,0.29,26.73,92.99,"11/01/2023",7,5,7,5.88
"https://amazon.com/dp/B0C23Z4JH4","B0C23Z4JH4","VOLEAAR Light Green Contact Paper 15.7 x 393.7 Inches Pure Green Peel and Stick Wallpaper Vinyl Adhesive Waterproof Solid Color Green Wall Paper Stick on Room Walls Kitchen Tabletop","VOLEAAR","FBA","Tools & Home Improvement",60197,"Wallpaper",29.99,14,218,34,6537.82,146,4.1,"VOLEAAR WALLPAPER",1,4396,"N/A","Large Standard-Size",2.32,2.32,16.06,2.18,34.52,120.06,"08/01/2023","-",6,66,1.49
"https://amazon.com/dp/B0C193TY1N","B0C193TY1N","TUTOTAK C Shaped End Table with Charging Station, Tv Tray Table with 2 USB Ports and Outlets, Couch Table, Snack Table, Sofa Side Table for Small Spaces, Living Room, Bedroom TB01BG044","TUTOTAK","FBA","Home & Kitchen",144603,"End Tables",35.99,"N/A",140,,5038.6,60,4.1,"TUTOTAK",1,"N/A","N/A","Large Standard-Size",3.31,12.95,17.13,8.47,293.2,1019.82,"01/01/2024",7,5,6,2.33
"https://amazon.com/dp/B0C1Z7TS6M","B0C1Z7TS6M","TRSPCWR Hair Tool Organizer, White Hair Dryer Holder, Bathroom Countertop Blow Dryer Holder with Side Basket, Hollow Out Flower Design, Vanity Caddy Storage Stand for Accessories, Makeup, Toiletries","TRSPCWR","FBA","Home & Kitchen",142934,"Bathroom Trays",32.99,"N/A",192,1,6334.08,141,4.2,"TRSPCWR",1,"N/A","N/A","Large Standard-Size",7.72,8.07,16.69,5.31,415.2,1444.16,"01/01/2024",8,8,4,1.36
"https://amazon.com/dp/B0BVBLKFWQ","B0BVBLKFWQ","Whalehub Natural Rattan Round Fruit Basket Bowls, Hand Woven Decor Serving Baskets, Wicker Storage for Dinning Room (Wave-Combo)","Whalehub","FBA","Kitchen & Dining",23052,"Bread & Serving Baskets",36.99,-4,247,1962,9136.53,15,4,"Whalemart Trading",1,"N/A","N/A","Large Standard-Size",10.2,10.2,4.3,0.99,178.64,621.35,"02/01/2024",6,6,6,16.47
"https://amazon.com/dp/B0B8X3JSPY","B0B8X3JSPY","Easy-Going Waterproof Sectional Couch Covers with Chaise 2-Piece Non Slip L Shape Sofa Cover for Dogs Leakproof Furniture Protector Cover with Adjustable Strap for Pets (X-Large, Beige)","Easy-Going","FBA","Home & Kitchen",188872,"Sofa Slipcovers",44.99,-25,113,-22,5083.87,74,4,"Easy-Going home textiles",1,"N/A","N/A","Large Standard-Size",7.28,13.11,17.17,7.39,654.35,2276,"07/01/2023",1,7,21,1.53
"https://amazon.com/dp/B0BRXMYKSZ","B0BRXMYKSZ","RV Capmer King 70 x 80 Sheets - Microfiber Rv Sheets Set For Campers- 4 Piece Hotel Luxury Bed Sheets - RV Capmer King Sheets 70 x 80 For Motorhomes, Campers, Rv'S & Travel Trailers(Light Blue)","Cottington Lane","FBM","Home & Kitchen",131039,"Sheet & Pillowcase Sets",35.99,"N/A",170,395,6118.3,112,4.2,"Cottington Lane",1,1186,248,"Large Standard-Size",4.57,9.33,11.73,4.19,"N/A","N/A","09/01/2023",6,9,199,1.52
"https://amazon.com/dp/B0C592Y5MH","B0C592Y5MH","GUASDIE Animal Heads Wall Decor, Faux Deer Head Mount, Animal Sculptures Wall Decor, Resin Animal Head Wall Hanging Decoration for Living Room Bedroom Kitchen Gift,Rat","GUASDIE","FBA","Home & Kitchen",16820,"Statues",19.98,"N/A",473,1017,9450.54,33,3.8,"ZhengZhouJinRuoLiuShangMaoYouXianGongSi",2,"N/A","N/A","Large Standard-Size",3.19,7.72,10.24,0.37,100.7,350.25,"02/01/2024","-",7,6,14.33
"https://amazon.com/dp/B0C8HKPRWK","B0C8HKPRWK","t25 torx bits for impact driver,SuSuMu 20 Pieces T25 2 In. Impact Tough Magnetic #25 Torx Head Power Bits, S2 Alloy Steel T25 Screwdriver Bits Set","SUSUMU","FBA","Tools & Home Improvement",49860,"N/A",17.73,"N/A",312,60,5531.76,41,4.1,"WekAut",1,"N/A","N/A","Large Standard-Size",0.87,1.65,3.98,0.4,2.28,7.94,"01/01/2024",7,7,10,7.61
"https://amazon.com/dp/B0C4TGR7DJ","B0C4TGR7DJ","Ditucu Cute Carrot Shaped Chair Cushion Comfy Seat Cushions Kawaii Gaming Chair Cushion 29 x 23 inch Lazy Sofa Office Floor Stuff Pillow Pad for Gamer Room Decor","Ditucu","FBA","Kitchen & Dining",50422,"Chair Pads",29.99,16,188,-17,5638.12,116,4.2,"Ditucu",1,"N/A","N/A","Large Standard-Size",3.82,13.3,13.46,2.05,273.06,949.79,"12/01/2023",7,8,6,1.62
"https://amazon.com/dp/B0C4F64RTS","B0C4F64RTS","uahpet Stainless Steel Cat Water Fountain Replacement Filters 6 Pack with 8 Filter Sponges","uahpet","FBA","Pet Supplies",22837,"Fountains",22.99,"N/A",425,-14,9770.75,78,4.2,"uahpet US",1,"N/A","N/A","Large Standard-Size",2.44,3.9,4.61,0.43,17.5,60.87,"11/01/2023",4,11,0,5.59
"https://amazon.com/dp/B0BZVQDKSS","B0BZVQDKSS","EDISHINE LED Corner Floor Lamp with Glass Lampshade, Modern Dimmable Lamp with Remote, 5 CCT, 65"" Tall Standing Light for Living Room, Bedroom, Office, Bulb Included (Gold)","EDISHINE","FBA","Tools & Home Improvement",75211,"Floor Lamps",37.99,-16,106,96,4026.94,39,3.9,"Dewenwils",1,"N/A","N/A","Large Standard-Size",7.36,12.87,16.57,9.41,626.74,2179.95,"08/01/2023",7,9,2,2.72
"https://amazon.com/dp/B0BW5JC82C","B0BW5JC82C","ZXCVB Artificial Grass for Dogs 40”x26”, 2-Pack, Outdoor Grass Pad for Dogs and Grass for Dogs Potty, Potty Training Rug and Replacement Artificial Grass Turf","ZXCVB","FBA","Pet Supplies",43357,"Litter Boxes",39.99,29,152,94,6078.48,144,4,"Zxcvb Store",1,"N/A","N/A","Small Oversize",3.25,22,26.75,5.63,531.28,1328.21,"10/01/2023",5,6,3,1.06
"https://amazon.com/dp/B0C3KZCM5N","B0C3KZCM5N","YIZAIJIA Plant Stand Indoor Corner Plant Shelf 5 Tier 9 Potted Flower Shelves Wooden Plant Stands Garden Plant Holder Rack for Living Room Corner Lawn Window, Black","YIZAIJIA","FBA","Patio, Lawn & Garden",25004,"Stands",34.99,-23,134,215,4688.66,241,3.9,"YASITE",1,461,"N/A","Large Standard-Size",5.51,11.57,17.56,14.26,447.01,1554.81,"01/01/2024",3,6,3,0.56
"https://amazon.com/dp/B0C6B71ZG3","B0C6B71ZG3","Wood Baseball bat 18 Inch Pack of 10 Unfinished Mini Wood Baseball Bat, Small Bat, Party Decor, Bedroom, Crafts, by Woodpeckers","Woodpeckers","FBA","Arts, Crafts & Sewing",14707,"Woodcrafts",44.99,"N/A",232,43,10437.68,313,4.2,"Woodpeckers",2,"N/A","N/A","Small Oversize",2.32,6.69,19.37,3.68,83.51,208.78,"10/01/2023","-",8,9,0.74
"https://amazon.com/dp/B0C4HS5FQ1","B0C4HS5FQ1","Cour Pets Large Rabbit Castle & Chew Toys - Set of Wooden Rabbit Hideout with 3 Chew Toys & Staircase, Bunny Castle, Set of 4 Wood Rabbit Houses, Rabbit Houses and Hideouts, Guinea Pig & Bunny Hideout","Cour Pets","FBA","Pet Supplies",27040,"Habitat Décor",54.99,-26,175,0,9623.25,41,4.2,"Cour Pets",1,"N/A","N/A","Small Oversize",5.4,17,19.9,9.6,507.45,1268.63,"10/01/2023",8,8,0,4.27
"https://amazon.com/dp/B0BYDRY9BV","B0BYDRY9BV","MooMee Fitted Bottom Sheet Only 100% Washed Cotton Linen Like Textured Breathable Durable Soft Comfy Deep Pocket (Olive Green, Queen)","MooMee","FBA","Home & Kitchen",108220,"Fitted Sheets",36.99,"N/A",208,98,7693.92,40,4.2,"MOOMEE",1,1703,"N/A","Large Standard-Size",2.68,9.49,12.83,1.76,130.3,453.21,"09/01/2023",7,5,80,5.2
"https://amazon.com/dp/B0C2YPTQJF","B0C2YPTQJF","Eco-Ancheng Chair Cover Stretch Ottoman Cover Rectangular Storage Ottoman Slipcover Footrest Stool Covers Ottoman Slipcovers for Foot Stool with Nonslip Elastic Bottom","Eco-Ancheng","FBA","Home & Kitchen",97484,"Stool Covers",20.99,"N/A",303,99,6359.97,302,4.2,"Eco-Ancheng",1,3971,"N/A","Large Standard-Size",2.83,8.46,11.02,0.82,105.35,366.44,"07/01/2023",7,2,219,1
"https://amazon.com/dp/B0BZPJKQNF","B0BZPJKQNF","Yawinhe Under Bed Storage With Lids, Foldable Underbed Storage Box with Handles, Under Bed Storage Organizer Bins for Clothes, Blankets, Pillows, 31.5''Lx15.7''Wx6''H, 3-pack, Grey","Yawinhe","FBA","Home & Kitchen",376099,"Under-Bed Storage",54.99,2,77,36,4234.23,65,4.2,"Yawinhe",1,1161,"N/A","Large Standard-Size",7.91,11.02,16.22,6.75,564.57,1963.71,"07/01/2023","-",12,10,1.18
"https://amazon.com/dp/B0C89XSBNP","B0C89XSBNP","Patelai Mini Liquor Bottles Glass Syrup Bottles Flask Bottles with Black Caps Clear Empty Alcohol Shot Bottles Small Champagne Container DIY Gift for Birthday Weddings Party Favors(50 ml, 16 Pcs)","Patelai","FBA","Home & Kitchen",111543,"Decorative Bottles",22.99,-13,182,-24,4184.18,86,4,"PATELAI",1,"N/A","N/A","Large Standard-Size",4.88,7.24,7.24,3.48,102.14,355.27,"11/01/2023",7,6,7,2.19
"https://amazon.com/dp/B0C53VC1V1","B0C53VC1V1","Kosiz Rhinestone Notebook and Rhinestone Pen Sets, Crystal Pens, Crystal Journal, Bling Notebook, Diamond Travel Notebook, A5 Diamond Crystal Notebook Bling Office Accessories for Desk (AB Color)","Kosiz","FBA","Office Products",41776,"Hardcover Executive Notebooks",27.99,23,185,-47,5178.15,24,4.1,"Fetermun",1,"N/A","N/A","Small Standard-Size",0.75,6.69,9.53,0.86,19.09,66.41,"12/01/2023",5,6,4,7.71
"https://amazon.com/dp/B0C238W1HM","B0C238W1HM","Leejec Dog Toys, 2.5"" Interactive Light up Balls, Virtually Indestructible Chew Toys for Medium & Small Breed, Rubber Durable Fetch Training Balls, Pet Birthday Gift, 3-Pack","Leejec","FBA","Pet Supplies",33697,"Balls",16.99,9,240,-81,4077.6,96,3.5,"Leejec",1,"N/A","N/A","Large Standard-Size",2.64,2.72,7.68,0.66,22.02,76.6,"12/01/2023",4,6,3,2.5
"https://amazon.com/dp/B0C3V9TCHF","B0C3V9TCHF","MYHOBBY Shiny Rhinestone 40 Oz Tumbler with Handle,Stainless Steel Insulated Travel Coffee Mug Double Wall Leak Resistant Vacuum Tumbler with Straw,Dark Purple-Cow","MYHOBBY","FBM","Kitchen & Dining",113431,"Tumblers & Water Glasses",37.99,-4,115,-45,4368.85,55,3.8,"A+ costumes",1,"N/A","N/A","Large Standard-Size",5.91,4.33,11.02,1.54,"N/A","N/A","11/01/2023",1,6,18,2.13
"https://amazon.com/dp/B0BXJN3KRN","B0BXJN3KRN","POPTRAP Rat Trap Heavy Duty & Large - 24 Pack, Super Sticky Mouse Trap with Ultra-Strong Glue, Mouse Glue Trap with Scent of Peanut Butter for Indoor & Outdoor, Non-Toxic & Long-Lasting","POPTRAP","FBA","Patio, Lawn & Garden",5327,"Traps",27.99,-5,508,,14218.92,196,4.2,"Capere  LLC",1,"N/A","N/A","Large Standard-Size",5.55,9.45,10.63,4.09,222.64,774.39,"02/01/2024",4,7,5,2.59
"https://amazon.com/dp/B0C3HDF7PV","B0C3HDF7PV","Dolicer Wisteria Artificial Flower Garland 4Pcs Total 24Ft, Artificial Wisteria Garland, White Wisteria Flower Vines, Silk Wisteria Hanging Flowers for Wedding Arch Outdoor Ceremony Garden Porch Decor","Dolicer","FBA","Home & Kitchen",84959,"Artificial Flowers",19.99,-4,213,282,4257.87,189,3.8,"LANDSCAPEQ HOME DECOR",1,"N/A","N/A","Large Standard-Size",1.81,10.47,12.36,0.9,93.53,325.32,"08/01/2023","-",9,17,1.13
"https://amazon.com/dp/B0C1NCBYKT","B0C1NCBYKT","C&AHOME Cube Storage Organizer with Doors, 12-Cube Shelves, Closet Cabinet, DIY Plastic Modular Bookshelf Ideal for Bedroom, Living Room, 36.6”L x 12.4”W x 48.4”H Transparent White USHS3012W-DOOR","C&AHOME","FBA","Home & Kitchen",110208,"Closet Organization Systems",45.99,-9,149,23,6852.51,277,4.1,"C&AHOME",1,"N/A","N/A","Large Standard-Size",7.28,12.99,14.96,18.26,565.29,1966.24,"08/01/2023",7,8,3,0.54
"https://amazon.com/dp/B0BY38NKKR","B0BY38NKKR","Trimold Wall Trim Molding, Stainless Steel Peel and Stick (Mirror-Like Finish), Flexible Self-Adhesive Metal Trim for Ceiling, Mirror Frame and More, Metallized Silver","Trimold","FBA","Tools & Home Improvement",41923,"Wall Molding & Trim",23,"N/A",327,-5,7521,200,4,"TrimMolding",1,3157,"N/A","Large Standard-Size",1.81,6.81,7.01,1.26,34.52,120.06,"10/01/2023",3,9,9,1.64
"https://amazon.com/dp/B0C85BVL4W","B0C85BVL4W","Namalu Round Throw Pillow 13.8 Inch Decorative Round Velvet Floor Pillows Small Pumpkin Throw Pillow Cushion for Living Room Sofa Bed (Dark Pink,3 Pcs)","Namalu","FBA","Home & Kitchen",34190,"Throw Pillows",27.99,-13,486,286,13603.14,216,3.7,"Rampatchal",1,5313,"N/A","Large Standard-Size",4.72,11.97,11.97,2.56,270.04,939.29,"08/01/2023",6,7,13,2.25
"https://amazon.com/dp/B0B7J3CL7K","B0B7J3CL7K","Feelyou Kids Educational Curtains for Bedroom Playtime Collection ABC, Numbers and Shapes Learning Thermal Insulated Window Drapes Kids Play Window Treatment for Playroom Bedroom 52""x84""","Feelyou","FBM","Home & Kitchen",98361,"Curtain Panels",49.99,"N/A",101,8,5048.99,237,4.2,"zanlin",1,1227,-3,"Large Standard-Size",11.02,7.87,0.78,3.04,"N/A","N/A","12/01/2022","-",6,108,0.43
"https://amazon.com/dp/B0BQMNJR4K","B0BQMNJR4K","TheFitLife Flexible Garden Hose 10FT - Heavy Duty Kink Resistant Water Hose with Soft Grip Handle and 8 Function Nozzle, Durable, Strength and Leak Proof Hose for Gardening, Outdoor, Yard","TheFitLife","FBA","Patio, Lawn & Garden",51114,"Garden Hoses",16.99,"N/A",237,235,4026.63,165,3.6,"TheFitLife Gardening",1,"N/A","N/A","Large Standard-Size",4.02,9.88,9.92,2.99,157.21,546.82,"05/01/2023",9,7,4,1.44
"https://amazon.com/dp/B0C234XT1H","B0C234XT1H","6 Pack Solar Garden Lights with Seperator,HXWEIYE 8LED Firefly Solar Swaying Lights, 2 Lighting Modes & Sway at Breeze, Solar Fairy Lights Outdoor Waterproof for Outside,Pathway,Yard,Walkway,Xmas","HXWEIYE","FBA","Tools & Home Improvement",34693,"Path Lights",25.99,34,195,-99,5068.05,220,3.9,"HXWEIYE",1,"N/A","N/A","Large Standard-Size",3.58,7.24,17.01,2.27,176.05,612.34,"08/01/2023",6,6,3,0.89
"https://amazon.com/dp/B0C85CYJHZ","B0C85CYJHZ","JAYLUN Super Absorbent Bath Mat, Quick Dry Bath Mat Thin Rugs, Water Absorbing Bath Mat, Non Slip Under Door Washable Bath Mats for Shower Room, Sink, Kitchen Mat, Doormat (20x32 in, Green)","JAYLUN","FBA","Home & Kitchen",57368,"Bath Rugs",16.99,-17,450,406,7645.5,111,3.8,"JINGMU-FIRM",2,"N/A","N/A","Small Oversize",2.64,3.15,19.72,2.05,45.55,113.88,"11/01/2023",6,5,24,4.05
"https://amazon.com/dp/B0BYCKCTJW","B0BYCKCTJW","Sychien Dog Recovery Suit Pink Female Spay Surgical Large Shirt, Male Surgery Recovery Suit,Pink-White Striped XXXL","Sychien","FBA","Pet Supplies",24195,"Recovery Collars & Cones",20.79,"N/A",298,-24,6195.42,302,4.2,"Sychien",1,5307,"N/A","Large Standard-Size",1.5,5.67,9.41,0.4,31.96,111.16,"10/01/2023","-",6,139,0.99
"https://amazon.com/dp/B0BL6PFH18","B0BL6PFH18","Shower Curtain Rod tension no drill, 42 to 115 inch Adjustable Heavy Duty black shower tension curtain rod for bathroom Closet Windows(Black)","Fayesioal","FBA","Home & Kitchen",62323,"Shower Curtain Rods",23.74,"N/A",470,183,11157.8,348,4,"Fayesioal store",1,6380,"N/A","Large Standard-Size",4.06,4.29,17.44,2.8,121.16,421.44,"03/01/2023","-",6,10,1.35
"https://amazon.com/dp/B0BYZ5BY3J","B0BYZ5BY3J","SAMMART Collpasible Laundry Basket (19.5L Collapsible Laundry Basket (Grey))","SAMMART","FBM","Home & Kitchen",57083,"Laundry Baskets",19.99,"N/A",320,0,6396.8,37,4.1,"SAMMART, LLC",1,"N/A","N/A","Small Oversize",18.11,14.17,2.36,1.76,"N/A","N/A","01/01/2024",1,6,23,8.65
"https://amazon.com/dp/B0C5Y2J2HZ","B0C5Y2J2HZ","Donut Pillow Chair Seat Cushion for Tailbone Pain Relief, Memory Foam Firm Coccyx Pad Donut Cushion for Long Sitting, Office Chair, Gaming Chair and Car Seat Cushion - Black 18.5 * 17.5 * 5.5in","ZHOOGE","FBA","Kitchen & Dining",27905,"Chair Pads",29.99,8,340,165,10196.6,127,4.1,"ZHOOGE",1,"N/A","N/A","Large Standard-Size",4.69,5.75,16.34,1.96,175.69,611.1,"01/01/2024",6,7,2,2.68
"https://amazon.com/dp/B0C6F786JK","B0C6F786JK","Shinoske Adjustable C Table - C Shaped Side Table with Wheels for Living Room and Bedroom,with Storage Mesh Basket,Slide Under Sofa Table or Use as Laptop Table,C Table End Table,Rustic Brown","Shinoske","FBA","Home & Kitchen",60024,"End Tables",37.99,4,280,845,10637.2,38,4,"Stereoteck USA",1,"N/A","N/A","Large Standard-Size",5.91,12.87,17.13,8.18,520.27,1809.63,"01/01/2024",6,9,5,7.37
"https://amazon.com/dp/B0C4XY5MKN","B0C4XY5MKN","6 Tier 7 Potted Metal Plant Stand Indoor with Gardening Tools and Gloves, Corner Tall Tiered Plant Shelf Organizer Outdoor for Multiple Plants, Flower Pot Holder Display Rack for Patio, Garden","Facofaco","FBA","Patio, Lawn & Garden",18371,"Stands",29.99,-1,194,18,5818.06,146,4,"Facofaco",2,"N/A","N/A","Large Standard-Size",3.5,10.16,17.28,4.61,245.36,853.44,"10/01/2023",5,7,5,1.33
"https://amazon.com/dp/B0C3XHSQ7Q","B0C3XHSQ7Q","HLFMVWE Sunburst Wall Mirror Black Small Spoked Wall Decor Mirror Bohemian Home Round Modern Metal Wall Art Mirror for Living Room Hallway Bedroom Bathroom Balcony Farmhouse Entrance 12""","HLFMVWE","FBA","Home & Kitchen",62164,"Wall-Mounted Mirrors",16.99,-8,308,408,5232.92,22,4,"HLFMVWE",1,"N/A","N/A","Large Standard-Size",1.89,13.5,14.17,1,144.37,502.15,"01/01/2024",6,7,28,14
"https://amazon.com/dp/B0C5SRDD4X","B0C5SRDD4X","SyouHome Solar Lights Outdoor, 4000LM 380 LEDs Solar Motion Lights Outdoor Waterproof, 3 Modes 270° Wide Angle Solar Security Lights for Stairways/Front Door/Garage/Deck（4 Pack）","SyouHome","FBA","Tools & Home Improvement",93393,"Flood & Perimeter",54.99,-9,73,,4379.27,21,4.2,"Zyuan88",1,"N/A","N/A","Large Standard-Size",4.21,8.23,8.9,2.78,123.13,428.29,"01/01/2024","-",9,2,3.48
"https://amazon.com/dp/B0BRT65PWZ","B0BRT65PWZ","Acteb Basic Goose Down Feather Pillows Standard Size Set of 2 Pack Hotel Collection Bed Pillow for Sleeping Medium Firmness, 20x26 Inches","Acteb","FBA","Home & Kitchen",131471,"Bed Pillows",49.99,-27,147,-52,7348.53,228,4.1,"Acteb US Store",1,"N/A","N/A","Large Standard-Size",7.01,7.13,17.28,4.94,344.87,1199.55,"12/01/2023",5,6,10,0.64
"https://amazon.com/dp/B0C6MHJN9T","B0C6MHJN9T","Mostme 3 inch/75mm Button Maker Supplies 100 Sets, 3 inch Button Parts Button Supplies, Round Blank Button Badge Parts, Includes Metal Button Pin Back Cover, Metal Shells, Blank Paper&Clear Film","Mostme","FBA","Arts, Crafts & Sewing",7928,"Buttons",36.99,"N/A",330,82,12206.7,176,4,"Mostme",1,4635,"N/A","Large Standard-Size",6.54,7.87,11.18,3.95,229.77,799.21,"05/01/2023",6,8,4,1.88
"https://amazon.com/dp/B0C8SHFW97","B0C8SHFW97","Baby Bath Seat,Baby Bathtub Seat for 6 Months & Up, Infant Bath Seat with 4 Secure Suction Cups for Babies Sit Up Bathing in Tub Toddler Bath Seat (Pink)","GARKALY","FBA","Baby Products",12179,"Bath Seats",34.99,9,295,-43,10322.05,50,3.8,"GarKalY flagship",1,"N/A","N/A","Large Standard-Size",7.87,11.18,14.8,2.18,519.98,1808.61,"09/01/2023",6,6,2,5.9
"https://amazon.com/dp/B0C28D2LHB","B0C28D2LHB","Aokown Dog Shoes, Dog Boots for Large Dogs, Breathable Dog Booties Paw Protector for Summer Hot Pavement, Winter Snowy Day, Outdoor Walking, Indoor Hardfloors Anti Slip Sole Blue 4PCS-Size 6","AOKOWN","FBA","Pet Supplies",41782,"Boots",32.99,15,302,1256,9962.98,81,3.9,"AOKOWN",1,"N/A","N/A","Large Standard-Size",2.6,6.38,7.87,0.41,52.11,181.24,"01/01/2024","-",6,36,3.73
"https://amazon.com/dp/B0CC2MWM9L","B0CC2MWM9L","20 Gauge/0.8 mm, 5 FT Half Hard 925 Sterling Silver Wire, Round Making Jewelry Wire, Memory Wire","ichenbao","FBA","Arts, Crafts & Sewing",13991,"Wire",18.99,"N/A",219,,4158.81,58,4.2,"ichenbao",1,"N/A","N/A","Small Standard-Size",0.39,3.78,3.82,0.02,2.25,7.82,"02/01/2024",6,7,14,3.78
"https://amazon.com/dp/B0BLJKT8RF","B0BLJKT8RF","ELFTREE Tactical Dog Harness, 2X Metal Buckle, Military Reflective Dog Harness with Hidden Airtag Holder and Handle, Adjustable No-Pull Service Dog Vest with Molle & Loop Panels","ELFTREE","FBA","Pet Supplies",41766,"Vest Harnesses",29.99,"N/A",169,-45,5068.31,100,4.1,"ELFTREE",1,"N/A","N/A","Large Standard-Size",4.57,5.55,7.17,1.43,72.62,252.58,"11/01/2023",5,6,12,1.69
"https://amazon.com/dp/B0C5HWFMVT","B0C5HWFMVT","Stretch Sofa Covers for Cushion Couch,Universal Wear Resistant Slipcover with Elastic Bottom,Magic Couch Cover Furniture Protector,Anti-Slip L Shape Sofa Cover,Double Seat,Weave-Metal Gray","Rosygulls","FBA","Home & Kitchen",207377,"Sofa Slipcovers",20.92,-22,257,1340,5376.44,43,3.9,"Honghotboy",2,"N/A","N/A","Large Standard-Size",4.57,8.94,12.36,0.9,201.64,701.36,"06/01/2023","-",7,96,5.98
"https://amazon.com/dp/B0C3CBTWVL","B0C3CBTWVL","Wonnitar Tropical 2x3 Small Bathroom Rug,Washable Green Leaf Bath Mat,Non-Slip Cute Monstera Kitchen Sink Throw Rug,Low Pile Non-Shedding Floor Carpet for Bedside Dorm Doormat Decor","Wonnitar","FBA","Home & Kitchen",76504,"Area Rugs",21.99,"N/A",420,322,9235.8,102,4.2,"Wonnitar Shoppe",1,"N/A","N/A","Large Standard-Size",3.15,10,13.78,1.97,173.3,602.78,"01/01/2024",6,7,24,4.12
"https://amazon.com/dp/B0C4XYDKMV","B0C4XYDKMV","Brushed Nickel Shower Curtain Rod, YASONIC 42-72 Inch Never Rust Non-Slip Adjustable Tension Curtain Rod, No Drilling Spring Tension Shower Rods for Bathroom, Shower Stall, Windows","YASONIC","FBA","Home & Kitchen",46257,"Shower Curtain Rods",26.99,-4,518,-50,13980.82,371,4.2,"WdWkrTools",1,"N/A","N/A","Small Oversize",2.5,2.5,42,2,72.92,182.29,"11/01/2023","-",9,10,1.4
"https://amazon.com/dp/B0C8RTH44N","B0C8RTH44N","40 OZ Tumbler with Handle and Straw, Insulated Water Tumbler for Home,Office or Car - Reusable Iced Coffee Cup,Double Vacuum Stainless Steel Travel Coffee Mug,Keep Hot/Cold for Hours (Black)","Extourber","FBA","Kitchen & Dining",25333,"Tumblers & Water Glasses",19.99,-3,425,-23,8495.75,70,4.2,"B4ycc",1,"N/A","N/A","Large Standard-Size",4.41,5.98,11.22,1.43,118.15,410.96,"12/01/2023",6,5,11,6.07
"https://amazon.com/dp/B0C7K9P2SH","B0C7K9P2SH","Dolicer 16 Pcs Babys Breath Artificial Flowers, 19.7"" Faux Silk Flowers, Real Touch Fake Gypsophila Bouquets for Home Kitchen Floral Arrangement Wedding Party Christmas Halloween Decoration, Red","Dolicer","FBA","Home & Kitchen",112515,"Artificial Flowers",21.99,56,372,441,9668.28,26,3.8,"LANDSCAPEQ HOME DECOR",1,1405,"N/A","Large Standard-Size",3.9,4.57,11.5,0.86,81.84,284.67,"01/01/2024","-",9,15,14.31
"https://amazon.com/dp/B0C9PW2QX8","B0C9PW2QX8","ECO LIVING SOLUTIONS Roof Ice Melt Pucks Calcium Chloride Pucks | Prevent Damage to Roofs from Ice Dams | Roof Melt Tablets | Works Down to -25 °F (10 Pounds/48 Pucks)","ECO LIVING SOLUTIONS","FBA","Patio, Lawn & Garden",20734,"Snow & Ice Melters",27.95,"N/A",521,1358,14561.95,64,4,"Eco Garden Solutions",1,"N/A","N/A","Large Standard-Size",6.69,8.54,9.72,11.73,221.75,771.29,"01/01/2024",5,7,2,8.14
"https://amazon.com/dp/B0BX3D842Z","B0BX3D842Z","POVODA Bathroom Mat Quick Dry Bath Rugs Non-Slip Bathroom Floor Mat Super Absorbent Washable Rubber Bathtub Floor Mat Fit Under Door Thin Bath Mats (20x32 Inch, Grey)","POVODA","FBA","Home & Kitchen",231514,"Bath Rugs",24.99,-5,186,57,4648.14,45,4.1,"POVODA",1,"N/A","N/A","Small Oversize",2.25,2.75,20.12,1.9,34.58,86.45,"11/01/2023",3,6,12,4.13
"https://amazon.com/dp/B0C68PTCGT","B0C68PTCGT","VEOFEMLEA Pegboard Combination Kit, 4 Peg Boards and 14 Accessories Modular Hanging Yellow Pegboard for Walls, Office Wall Organizer, Keys Holder on Wall, Nursery Storage, 22""x22""","VEOFEMLEA","FBA","Industrial & Scientific",45764,"Pegboard Hooks",34.99,-17,148,6,5178.52,16,4.1,"PENCILROOM",1,382,"N/A","Large Standard-Size",5.75,11.89,12.01,4.1,327.69,1139.79,"12/01/2023",2,7,4,9.25
"https://amazon.com/dp/B0C9PM6NVM","B0C9PM6NVM","Zenouidle LED Crystal Ceiling Light 3 Rings Crystal Chandelier Modern Flush Mount Ceiling Light Fixture for Bedroom Dining Room Living Room (Cool White)","Zenouidle","FBA","Tools & Home Improvement",77192,"Chandeliers",36.99,-12,111,81,4105.89,16,4.2,"XINLI FIGHT",1,"N/A","N/A","Large Standard-Size",5.63,11.73,16.1,4.72,424.56,1476.73,"01/01/2024","-",7,9,6.94
"https://amazon.com/dp/B0C3VHV93X","B0C3VHV93X","SURPALIG 2 LED Lights for Room Decor, 16 Colors Switchable RGB Wall Sconces Battery Operated, Remote Dimmable Night Light Rechargeable, Magnetic Cordless Wall Lights for Bedroom Living Room, Black","SURPALIG","FBA","Tools & Home Improvement",26685,"Wall Lamps & Sconces",39.99,-34,213,137,8517.87,84,3.4,"SURPALIG",1,"N/A","N/A","Large Standard-Size",5.16,5.87,11.42,3.11,138.12,480.42,"10/01/2023","-",9,9,2.54
"https://amazon.com/dp/B0C5ML1GJJ","B0C5ML1GJJ","HUISEFOR Stand Mixer Cover Compatible with Kitchen Aid Mixer, Brown Flower Kitchen Appliance Dustproof Covers with Accessories Pockets, Fits All Tilt Head & Bowl Lift Models Mixers","HUISEFOR","FBA","Home & Kitchen",100137,"Mixer Parts & Accessories",17.99,"N/A",269,11,4839.31,94,4.2,"HUISEFOR",2,"N/A","N/A","Small Standard-Size",4,4,0.4,0.2,2.56,8.89,"11/01/2023",6,7,156,2.86
"https://amazon.com/dp/B0C4Y736D5","B0C4Y736D5","KICHOMTI Magnetic Calendar for Fridge Monthly Dry Erase Calendar Whiteboard 16”x12"" Inches+Memo Acrylic Dry Erase Board for Refrigerator with 4 Dry Erase Markers in 4 Colors House Decor(Black)","Kichomti","FBA","Office Products",20436,"Planning Boards",28.99,-8,246,8,7131.54,27,3.9,"Chinhel Store",1,"N/A","N/A","Large Standard-Size",1.42,12.24,16.46,1.63,114.04,396.65,"01/01/2024",5,6,5,9.11
"https://amazon.com/dp/B0C4Y34H8F","B0C4Y34H8F","Hzuaneri Closet Organizer, Freestanding Portable Closet, 60-inch Closet Wardrobe for Bedroom, 2 Clothes Rail with 5 Compartments Shelves Storage Organizer for Cloakroom, Black WH03032BK","Hzuaneri","FBA","Home & Kitchen",159868,"Portable Closets",29.99,-2,329,,9866.71,39,4.1,"Hzuaneri",1,"N/A","N/A","Small Oversize",5.5,9,35.7,13,490.88,1227.19,"01/01/2024",5,9,2,8.44
"https://amazon.com/dp/B0C9LMJFN9","B0C9LMJFN9","FAYOGOO Cat Harness and Leash Set for Walking Escape Proof, Adjustable Easy Control Cat Vest Harness for Medium Large Small Cats with Reflective Strips - Black, S","FAYOGOO","FBA","Pet Supplies",11914,"Harnesses",13.97,"N/A",704,-14,9834.88,395,4.1,"FAYOGOO",1,5009,"N/A","Large Standard-Size",1.42,6.89,7.72,0.22,30.09,104.66,"10/01/2023",4,6,15,1.78
"https://amazon.com/dp/B0C4Y7GNCM","B0C4Y7GNCM","LIGHTWISH Metallic Markers 24 Colors Metallic Paint Markers,Dual Tip Pens with Dot Tip and Fine Tip,Metallic Pens for Rock Painting,Black Paper,Glass,Diy Craft Project,Card Making","LIGHTWISH","FBA","Arts, Crafts & Sewing",21874,"Art Markers",23.99,"N/A",182,,4366.18,70,4.2,"Lightwish",1,"N/A","N/A","Large Standard-Size",1.1,6.26,6.69,0.73,18.44,64.15,"01/01/2024",5,8,3,2.68
"https://amazon.com/dp/B0C84T1NBB","B0C84T1NBB","Diatomaceous Earth Bath Mat Soft Diatomite Stone Bath Mat Large Non-Slip Super Absorbent Fast Drying Long Shower Mat Thin Washable Bathroom Rugs Floor Mat 15.7"" x 47.2""","Zoryllic","FBA","Home & Kitchen",122716,"Bath Rugs",24.99,3,201,-3,5022.99,47,3.8,"Korrell",1,"N/A","N/A","Large Standard-Size",2.95,3.62,15.91,2.28,67.93,236.26,"01/01/2024",6,7,5,4.28
"https://amazon.com/dp/B0C39SXTNG","B0C39SXTNG","TOPCJ Legal/Letter Size Hanging File Folder Frame,File Cabinet Desk Organizers,Hanging File Frame,Filing Cabinet for Expanding/Single File Folders,Easily Moving/Assembly-2 Packs Black","TOPCJ","FBA","Office Products",51752,"Hanging Folders & Interior Folders",35.99,"N/A",118,288,4246.82,20,3.9,"TOPCJ",1,"N/A","N/A","Large Standard-Size",2.44,13.3,17.36,4.67,224.96,782.45,"09/01/2023","-",7,6,5.9
"https://amazon.com/dp/B0C5C6NRHR","B0C5C6NRHR","SIMPEXPE Handheld Garden Pump Sprayer， Lawn & Garden Pressure Water Spray Bottle with Adjustable Brass Nozzle for Plants and Other Cleaning Solutions 0.5 Gal 2L Gold","SIMPEXPE","FBA","Patio, Lawn & Garden",4868,"Sprayers",19.99,"N/A",490,196,9795.1,72,4.1,"SIMPEXPE STORE",1,"N/A","N/A","Large Standard-Size",6.3,6.57,13.15,1.26,217.34,755.96,"01/01/2024",3,6,2,6.81
"https://amazon.com/dp/B0C4XYZ18G","B0C4XYZ18G","Hzuaneri Closet Wardrobe, Portable Closet for Bedroom, 2 Clothes Rail Clothes Rail with Non-Woven Fabric Cover, Clothes Storage Organizer, 47.6 x 17.7 x 66 Inches, 5 Compartments, Gray WO0503GC","Hzuaneri","FBA","Home & Kitchen",57743,"Portable Closets",27.99,-18,312,,8732.88,54,3.8,"Hzuaneri",1,"N/A","N/A","Small Oversize",3.7,11,31.5,8.3,356.13,890.31,"02/01/2024",5,8,3,5.78
"https://amazon.com/dp/B0C88RZDY6","B0C88RZDY6","NN BEN NEVIS Potty Training Watch, Digital Toddler Watch with Countdown/Music/Alarm Clocks/Vibration Reminder and Waterproof, Remind Toddler to Go to The Toilet","NN BEN NEVIS","FBA","Baby Products",10726,"Potties",20.99,-9,577,-47,12111.23,128,3.5,"Héstia Store",1,"N/A","N/A","Large Standard-Size",2.32,2.95,3.11,0.18,8.5,29.56,"12/01/2023",6,9,16,4.69
"https://amazon.com/dp/B0CB4CHNM9","B0CB4CHNM9","Kanayu Magnet Wire Enamelled Copper Wire Insulated Enamelled Magnet Winding Wire, Speaker Coil Temperature Rating 155℃ for Electric Appliance, 1 Pound Spool (Copper Color,0.051"" Dia, 135ft,16 AWG)","Kanayu","FBA","Industrial & Scientific",13893,"Magnet Wire",17.99,-24,278,248,5001.22,19,4.1,"Waeeshy",1,"N/A","N/A","Large Standard-Size",2.52,2.56,3.11,1.04,8.01,27.87,"01/01/2024","-",6,8,14.63
"https://amazon.com/dp/B0CBFVK371","B0CBFVK371","Yingorrs Reusable Full Face Respirator Mask Gas Masks Survival Nuclear and Chemical with Filter and Earplugs, Widely Used in Organic Vapor Gas, Paint, Dust, Chemical, Asbestos, Fume","Yingorrs","FBA","Tools & Home Improvement",30110,"Reusable Respirators",29.99,-2,398,,11936.02,204,4.2,"YingorrsUS",1,"N/A","N/A","Large Standard-Size",5.98,7.64,9.41,1.32,171.67,597.11,"02/01/2024","-",7,6,1.95
"https://amazon.com/dp/B0C7GMC5WL","B0C7GMC5WL","Lifewit Plastic Pooper Scooper Dog for Yard, Lightweight Portable Pet Poop Shovel for Medium/Small Dogs, Adjustable Metal Pole Long Handle Poop Scoop Set for Lawns, Yard, Grass","Lifewit","FBA","Pet Supplies",18889,"Pooper Scoopers",16.99,-3,284,576,4825.16,174,4.2,"Lifewit Home US",1,"N/A","N/A","Large Standard-Size",2.72,6.5,14.02,1.21,98.76,343.52,"09/01/2023",6,8,0,1.63
"https://amazon.com/dp/B0C7GBZ2TL","B0C7GBZ2TL","Beige Waterproof Quilted Sofa Cover - RBSC 54 Inches Slipcover Furniture Protector, Washable Couch Cover with Elastic Straps for Kids, Dogs, Pets","RBSC Home","FBA","Home & Kitchen",192704,"Sofa Slipcovers",32.99,-7,151,99,4981.49,41,3.8,"RBSC Home",1,"N/A","N/A","Large Standard-Size",3.66,11.02,14.13,3.13,227.57,791.54,"11/01/2023","-",9,32,3.68
"https://amazon.com/dp/B0C5965T7J","B0C5965T7J","Foreate Waterproof Couch Cover Sectional Sofa Cover Extra Wide Couch Cover Blanket - Cat Scratch Furniture Protector Dog Couch Cover Protector Machine Washable, 95'' x 118''(Khaki+Grey)","Foreate","FBA","Home & Kitchen",73252,"Sofa Slipcovers",49.99,-4,239,106,11947.61,127,4,"Foreate",1,2076,"N/A","Large Standard-Size",2.5,12,15,3.25,179.69,625,"11/01/2023","-",7,58,1.91
"https://amazon.com/dp/B0C6XS26FH","B0C6XS26FH","Yialins Acrylic Cutting Boards for Kitchen Counter, Anti-Slip Transparent Cutting Board with Lip for Countertop Protection at Home or Restaurant (24x18in)","Yialins","FBA","Kitchen & Dining",118548,"Cutting Boards",34.99,-22,126,-50,4408.74,95,3.6,"zhengzhoulinzhihaishangmaoyouxiangongsi",1,"N/A","N/A","Small Oversize",1.57,18.78,24.21,2.36,198.28,495.71,"10/01/2023",6,7,4,1.33
"https://amazon.com/dp/B0C68JWC7F","B0C68JWC7F","VEOFEMLEA Pegboard Combination Kit, 4 Peg Boards and 14 Accessories Modular Hanging White Pegboard for Walls, Office Wall Organizer, Keys Holder on Wall, Nursery Storage, 22""x22""","VEOFEMLEA","FBA","Industrial & Scientific",45764,"Pegboard Hooks",34.99,-17,149,,5213.51,16,4.1,"PENCILROOM",1,"N/A","N/A","Large Standard-Size",5.59,11.38,11.5,4.13,291.99,1015.63,"12/01/2023",6,7,4,9.31
"https://amazon.com/dp/B0CBTLRVPC","B0CBTLRVPC","TASDISE Portable Pet Playpen, Foldable Dog Crate, 900D Oxford Cloth Exercise Kennel Tent for Indoor Outdoor Travel Camping Use, Comes with Carrying Case and Removable Zipper Top","TASDISE","FBA","Pet Supplies",34143,"Playpens",39.99,-9,319,-31,13554.31,155,4.1,"TASDISE",1,2460,"N/A","Large Standard-Size",3.94,13.19,15.16,3.31,314.59,1094.23,"12/01/2023",6,7,3,2.06
"https://amazon.com/dp/B0C7GP5SVB","B0C7GP5SVB","Bringsmart Micro Reduction Motor DC 12V 300rpm Geared Motor with Bracket Centric Ouput Shaft Gear Motor 37mm Diameter Gearbox Large Torque","Bringsmart","FBA","Tools & Home Improvement",36538,"Fan Motors",19.99,"N/A",242,66,4837.58,24,4.1,"Motor Company",1,"N/A","N/A","Large Standard-Size",2.95,3.23,5.16,0.6,19.63,68.28,"10/01/2023","-",8,10,10.08
"https://amazon.com/dp/B0BV89RMK3","B0BV89RMK3","InstaTrim Outside Corners - 10 Ivory 3/4"" Wide Caulk Strip Outside Corner Pieces - Trim for Outside Corners - Paintable","InstaTrim","FBA","Tools & Home Improvement",25324,"Sealers",15.95,"N/A",372,99,5933.4,95,3.1,"InstaTrim Products",2,"N/A","N/A","Large Standard-Size",0.91,2.83,5.47,0.11,5.62,19.57,"11/01/2023",6,6,40,3.92
"https://amazon.com/dp/B0C8T24LNT","B0C8T24LNT","WONYO Solar Spot Light, Upgraded 7 LEDs Solar Outside Lights Waterproof IP65, Auto On/Off Solar Powered Outdoor Lights, Outdoor Solar Lights for Yard Tree Garden Driveway,2 Pack(Cool White)","WONYO","FBA","Tools & Home Improvement",72003,"Spotlights",29.99,7,203,-80,6087.97,70,4,"wonyo",2,"N/A","N/A","Large Standard-Size",4.29,8.98,9.8,1.96,150.75,524.36,"11/01/2023",4,6,5,2.9
"https://amazon.com/dp/B0C9TXMSWZ","B0C9TXMSWZ","Kigley 6 Pcs Seagrass Baskets with Lids Wicker Storage Basket Organizer Baskets Rectangular Basket Boxes Woven Baskets for Shelf Closet Bedroom Back to School, 6 Sizes(Yellow, Classic Style)","Kigley","FBA","Home & Kitchen",191555,"Shelf Baskets",49.99,-5,123,82,6148.77,21,4,"Newaifyir",1,"N/A","N/A","Large Standard-Size",8,10.25,15,3.95,491.15,1708.33,"01/01/2024",6,6,5,5.86
"https://amazon.com/dp/B0C8NGG34L","B0C8NGG34L","CQURE 14 Pack Eucalyptus Garland, Artificial Greenery Garland Faux Eucalyptus Leaves Table Garland Vines for Wedding Backdrop Fireplace Arch Door Wall Room Decor（98FT","CQURE","FBA","Home & Kitchen",43098,"Artificial Plants & Greenery",15.99,-4,488,-28,7803.12,86,4,"CQURE",1,902,"N/A","Large Standard-Size",3.78,4.17,6.34,0.6,39.9,138.8,"01/01/2024",6,9,2,5.67
"https://amazon.com/dp/B0BM4CQ5L2","B0BM4CQ5L2","Turquoize 100% Waterproof Couch Covers Dual Waterproof Sofa Cover for Pets Stretch Sofa Slipcover for 3 Cushion Couch Leakproof Sofa Protector Feature Waterproof Fleece Fabric(Sofa, Peacock Blue)","Turquoize","FBA","Home & Kitchen",114232,"Sofa Slipcovers",49.99,"N/A",116,48,5798.84,128,3.6,"TQpro Home",1,2632,"N/A","Large Standard-Size",5.39,13.35,13.43,3.66,385.88,1342.19,"01/01/2023",14,7,24,0.91
"https://amazon.com/dp/B0BN65WSL7","B0BN65WSL7","Frienda 2 Pieces Recliner Headrest Protector Sherpa Headrest Covers for Recliner Chair Couch Furniture Non Slip Sofa Headrest Protector for Living Room (Black)","Frienda","FBA","Home & Kitchen",68236,"Recliner Slipcovers",15.99,"N/A",390,72,6236.1,311,4.2,"friendatech",1,4767,"N/A","Large Standard-Size",0.87,9.25,11.69,0.55,37.56,130.66,"01/01/2024",14,7,10,1.25
"https://amazon.com/dp/B0BJKK3K5S","B0BJKK3K5S","Comfier Heated Foot Rest for Under Desk at Work&Foot Warmer,Adjustable Ergonomic Foot Stand,Office Chair&Home Gaming Desk Footstool,Memory Foam Support Cushion for Back Pain Relief,Gifts for Men,Women","COMFIER","FBA","Office Products",25185,"Footrests",39.99,-18,333,-63,13316.67,217,3.9,"Comfier",1,4102,"N/A","Large Standard-Size",5.43,11.38,17.32,2.2,427.36,1486.47,"12/01/2023",14,9,0,1.53
"https://amazon.com/dp/B0BGBSS8FG","B0BGBSS8FG","WDPUCHU Bathroom Trash Can with Lid,1.8 Gallon Modern Office Trash Can for Near Desk Bedroom Garbage Can Waste Basket with Push Top,Nordic Small Trash Bin for Living Room,Nursery,Dog Proof Trash Can","WDPUCHU","FBA","Industrial & Scientific",12377,"Kitchen Trash Cans",35.99,"N/A",360,-19,12956.4,161,4.2,"PUCHU-US",1,5439,"N/A","Small Oversize",8.94,9.17,10.83,2.2,246.62,616.56,"07/01/2023",15,7,3,2.24
"https://amazon.com/dp/B0BP2XFDGH","B0BP2XFDGH","Hakan Stainless Steel Double Bondy Tea Pot Set with Self Strainer, Turkish Kettle Samovar Style Teapot Set, Tea Pot with Handle, Tea Kettle for Loose Leaf Tea with Bakelite Handle (MINI)","Hakan","FBM","Kitchen & Dining",102985,"Teapots",39.99,-1,104,357,4158.96,24,3.7,"HES Trade",1,763,"N/A","Large Standard-Size",6.18,7.87,8.78,2.18,"N/A","N/A","11/01/2023",14,8,3,4.33
"https://amazon.com/dp/B0BLWBW4HT","B0BLWBW4HT","TUTOTAK Nightstnd, Set of 2, Stackable End Tables, Side Table, Bedside Tables with Open Storage Shelf, Bedroom, Living Room, Greige TB01BG039","TUTOTAK","FBA","Home & Kitchen",127679,"End Tables",39.99,-5,175,58,6998.25,315,4,"TUTOTAK",1,3834,"N/A","Large Standard-Size",7.6,13.03,16.34,18.61,646.12,2247.39,"09/01/2023",14,8,3,0.56
"https://amazon.com/dp/B0BHJ7FC8J","B0BHJ7FC8J","LANSHENG Stretch Rhombic Geometric Wingback Chair Covers Slipcover - Reusable Arm Chair Protector Cover, Washable Dining Chair Covers Protectors for Dining Room (Grey, Set of 2)","LANSHENG","FBM","Home & Kitchen",128280,"Dining Chair Slipcovers",18.1,-4,317,49,5737.7,199,3.9,"Qulumaoyi  US",4,4427,"N/A","Large Standard-Size",4.13,7.8,7.83,1.23,"N/A","N/A","04/01/2023",15,8,48,1.59
"https://amazon.com/dp/B0BHNK1ZL8","B0BHNK1ZL8","Mesh Popup Laundry Hamper 115L Foldable Laundry Basket Extra Large Capacity Collapsible Clothing Storage Basket with Handles 26 H x 18 W x 18 L (White)","Seiritex","FBA","Home & Kitchen",80802,"Pop-Up Laundry Hampers",29.99,-4,233,66,6987.67,80,4.2,"Seiritex US",1,"N/A","N/A","Small Oversize",0.75,18.8,19,1.15,74.42,186.04,"11/01/2023",14,7,16,2.91
"https://amazon.com/dp/B09ZV16JDY","B09ZV16JDY","Easy-Going Jacquard Dining Chair Cover Full Length Parson Chair Cover with Tie Washable Chair Cover for Dining Room, Kitchen, Hotel,Restaurant, Ceremony Universal Size (4 pcs, Chocolate Vine)","Easy-Going","FBA","Home & Kitchen",83897,"Dining Chair Slipcovers",54.49,"N/A",276,40,15039.24,223,3.9,"Easy-Going home textiles",1,4206,"N/A","Large Standard-Size",5.31,8.11,9.13,2.87,157,546.08,"07/01/2023","-",7,51,1.24
"https://amazon.com/dp/B0BMLPWDKQ","B0BMLPWDKQ","Queekay 50 Pcs Safety Glasses Impact UV Scratch Glasses Bulk Eye Protection for Men and Adolescents Working Lab Construction Science (Clear)","Queekay","FBA","Tools & Home Improvement",61502,"Safety Goggles & Glasses",47.99,-5,185,140,8878.15,28,4,"Bedderqian",1,2400,"N/A","Large Standard-Size",6.54,8.39,10.35,2.73,226.77,788.76,"08/01/2023",14,6,2,6.61
"https://amazon.com/dp/B0BHQXDS9T","B0BHQXDS9T","Vgo... 1Pair 0℃/32°F Winter Pig Leather Work Gloves, Cold Weather Waterproof Safety Work Gloves,Cold Storage or Freezer Use(Size M,Blue,PA7726FLWP)","Vgo...","FBA","Tools & Home Improvement",93807,"Safety Work Gloves",29.98,"N/A",235,-76,7045.3,266,4.1,"Vgo Glove",1,2828,"N/A","Large Standard-Size",2.05,5.55,14.09,0.33,64.01,222.65,"12/01/2022",15,6,17,0.88
"https://amazon.com/dp/B0BHP22BGQ","B0BHP22BGQ","Sychien Dog Pink Recovery Suit for Large Female Spay,Male Dog Surgery Suit,Narrow Pink-White L","Sychien","FBA","Pet Supplies",24195,"Recovery Collars & Cones",19.28,"N/A",298,-24,5745.44,302,4.2,"Sychien",1,5307,"N/A","Large Standard-Size",1.61,4.33,6.81,0.22,18.96,65.94,"10/01/2023","-",6,139,0.99
"https://amazon.com/dp/B0BDDVF3NT","B0BDDVF3NT","Dailyacc S925 Double Opening Lobster Clasp Sterling Silver and Gold Necklace Bracelet Extender Clasps and Closures for DIY Jewelry","Dailyacc","FBA","Arts, Crafts & Sewing",7152,"Jewelry Clasps",16.99,"N/A",651,47,11060.49,302,4.1,"Dailyacc",1,"N/A","N/A","Small Standard-Size",0.67,2.01,2.48,0.02,1.33,4.64,"07/01/2023",16,6,36,2.16
"https://amazon.com/dp/B0B6FX3VF6","B0B6FX3VF6","FONIRRA High Visibility Safety Sweatshirts for Men with Detachable Hood ANSI Class 3 Reflective Hi Vis Work Fleece Hoodie(Yellow,2XL)","FONIRRA","FBA","Tools & Home Improvement",68935,"Jackets",49.99,-12,232,-11,11597.68,114,4.1,"UNITED STASTES INC",1,1664,"N/A","Large Standard-Size",4.21,12.91,15.75,2.07,341.82,1188.93,"01/01/2024",17,7,32,2.04
"https://amazon.com/dp/B0BGJQRL17","B0BGJQRL17","GIMCJOK Best Five Horror Nights Video at Game Freddy's Throw Blanket, Plush Microfiber Halloween Blankets and Throws for Bed, Large Air Condition Blanket 40""x50""","GIMCJOK","FBA","Home & Kitchen",111405,"Throws",25.88,6,274,-96,7091.12,118,4.2,"Antesser",1,3746,"N/A","Large Standard-Size",2.01,8.62,10.35,0.82,71.61,249.06,"12/01/2023",15,7,15,2.32
"https://amazon.com/dp/B0BBVS4JF4","B0BBVS4JF4","CUCRAF Roller Window Shades Cordless,100% Blackout Blinds for Windows,Thermal Insulated Window Blinds for Home,Light Blocking UV Protection,Easy to Install,Beige, 30"" W x 72"" H","CUCRAF","FBA","Home & Kitchen",230441,"Roller Shades",45.99,"N/A",167,40,7680.33,54,4.2,"QIJU HOME",1,1847,"N/A","Small Oversize",2.2,2.4,34.7,2.95,50.89,127.23,"07/01/2023",14,6,44,3.09
"https://amazon.com/dp/B0BHFC6JB9","B0BHFC6JB9","3D Rose Crystal Ball Lamp,3.15 inch Crystal Ball Night Light with Wooden Base,16 Colors Changing Light,Dimmable Remote Control,Rose Flower Desk lamp (G)","Conalisk","FBA","Tools & Home Improvement",19085,"Night Lights",18.88,6,658,-83,12423.04,230,4.1,"Colorful Life Home",1,6000,"N/A","Large Standard-Size",3.39,3.46,4.53,1.68,21.22,73.8,"12/01/2023",14,9,22,2.86
"https://amazon.com/dp/B0BKTN7B68","B0BKTN7B68","Shed Defender Recovery Suit for Dogs - Seen on Shark Tank, Post-Surgery Dog Onesie, Vet Approved, Anxiety Shirt, E-Collar Alternative, Calming Vest Jacket, Covers Hot Spots & Abdominal Wound, Bodysuit","Shed Defender","FBA","Pet Supplies",45347,"Recovery Collars & Cones",54.99,-4,184,281,10118.16,98,4.1,"Shed Defender",1,2381,935,"Large Standard-Size",2.01,7.72,9.72,0.32,60.16,209.26,"04/01/2023",15,9,45,1.88
"https://amazon.com/dp/B0BGNGGZHL","B0BGNGGZHL","Smart RGB Dimmable Table Lamp Work with Alexa&APP&Remote Control, Bedside Desk Lamp with Charging Ports&Outlet&Phone Stand, Music Sync Nightstand Lamp for Bedroom Living Room Office Dorm,Bulb Included","YIEELOG","FBA","Tools & Home Improvement",81994,"Table Lamps",32.99,-6,127,-17,4189.73,102,4.1,"YIEELOG US",1,1504,"N/A","Large Standard-Size",5.75,9.77,13.16,2.61,295.2,1026.8,"11/01/2023",14,7,3,1.25
"https://amazon.com/dp/B0B2KQ5LFH","B0B2KQ5LFH","My Brest Friend Inflatable Travel Nursing Pillow for Breastfeeding, Bottlefeeding & Posture Support with Slipcover, Horizon","My Brest Friend","Amazon","Baby Products",7967,"Pillows",33.15,-5,430,,14254.5,152,4,"Amazon",2,"N/A","N/A","Small Oversize",7.68,15.04,19.33,0.99,"N/A","N/A","01/01/2024",16,5,2,2.83
"https://amazon.com/dp/B0BN9GCRS8","B0BN9GCRS8","Dog Coat, ASENKU Dog Winter Jacket, Windproof Waterproof Dog Winter Coat, Warm Dog Vest Cold Weather Pet Apparel with 2 Layers Fleece Lined and Hooded for Small Medium Large Dogs, Red, L","ASENKU","FBA","Pet Supplies",70604,"Cold Weather Coats",21.99,-21,247,-21,5431.53,84,4.1,"ASENKU",1,1628,"N/A","Large Standard-Size",3.07,7.68,9.09,0.31,85.58,297.67,"11/01/2023",14,9,28,2.94
"https://amazon.com/dp/B0B72QBYHR","B0B72QBYHR","kodhyvj Gamer Area Rugs for Boys Bedrooms Gaming Rug for Game Style Home Decor Controller Gamepad Mats Video Player Indoor Outdoor Floor Mat 3'x5'","kodhyvj","FBM","Home & Kitchen",20051,"Rugs",36.99,-1,423,-56,15646.77,224,4.1,"Kodhyvj Home",1,4319,"N/A","Large Standard-Size",4.88,13.11,15.55,2.93,"N/A","N/A","11/01/2023",17,6,224,1.91
"https://amazon.com/dp/B0BJ6FLQKL","B0BJ6FLQKL","Yoratee Artificial Plant 6PCS Small Fake Plant Greenery Potted Plant Cute Indoor Faux Plant Houes Office Table Desk Bathroom Decor Plants","Yoratee","FBA","Home & Kitchen",43275,"Artificial Plants & Greenery",18.99,"N/A",365,384,6931.35,208,4.1,"Yoratee",1,4306,"N/A","Large Standard-Size",5.2,6.81,6.89,1.37,97.43,338.87,"04/01/2023",14,7,2,1.75
"https://amazon.com/dp/B0BJVKYWB1","B0BJVKYWB1","Volnamal Baby Diaper Caddy Organizer, 3-Tier Movable Diaper Cart with Wheels, Gift for Newborn Essentials, Wipes & Baby Diapers, Baby Registry Must Have - Plastic White","Volnamal","FBA","Baby Products",9583,"Diaper Stackers & Caddies",23.99,4,463,-12,11107.37,222,4.1,"Volnamal",1,8801,"N/A","Large Standard-Size",4.72,9.76,14.8,2.91,272.24,946.94,"07/01/2023",14,6,0,2.09
"https://amazon.com/dp/B0BPKGFBYH","B0BPKGFBYH","Gold Valley Rectangular Cake Tray, Cake Plate Dish with Lucite Display Cover Lid, Dessert Holder Tray, Cake Stand, Grey Marble Rectangle Cake Platter with Lucite Cover, Pastry Base (Black)","Gold Valley","FBA","Kitchen & Dining",43324,"Cake Stands",49.98,"N/A",130,39,6497.4,76,3.9,"The Lois Group",1,2358,"N/A","Large Standard-Size",5.51,7.91,17.04,1.98,296.55,1031.49,"01/01/2023",14,6,2,1.71
"https://amazon.com/dp/B0BKZHJNMC","B0BKZHJNMC","Retro Classic Corded Phone with Message Indicator, Traditional 2500 Analog Desk Phone Incoming Call Light,Vintage Desk Telephone for Landline Large Button, Old Landline Phone for School,Home,Black","HTMengt","FBA","Office Products",18198,"Landline Phones",34.7,-1,386,41,13394.2,98,4.2,"Hanmont",2,3585,"N/A","Large Standard-Size",4.8,7.4,9.17,2.18,130.06,452.39,"10/01/2023",14,9,3,4.06
"https://amazon.com/dp/B0BNNZR57C","B0BNNZR57C","GroundLuxe Grounding Pillowcase in Gray with 15 Foot Cord - Queen Size","GroundLuxe","FBA","Home & Kitchen",223246,"Pillowcases",49.99,63,133,50,6648.67,53,4,"GroundLuxe",1,1324,"N/A","Large Standard-Size",1.02,7.64,11.65,0.4,36.25,126.09,"01/01/2024",14,8,4,2.51
"https://amazon.com/dp/B0BHD1WYN3","B0BHD1WYN3","Scat Shock Mat for Dogs and Cats Indoor, Pet Shock Mats for Training Pets, Electric Repellent Mat Keeps Dogs and Cats off Counter, Couch and Sofa, 3 Training Modes (One Piece 60""x 12"" With Tester)","PAPARELA","FBA","Pet Supplies",27052,"Repellent Mats",37.99,"N/A",375,10,14246.25,139,4,"PAPARELA",1,"N/A","N/A","Large Standard-Size",2.09,3.46,11.89,1.19,34.33,119.42,"11/01/2023",14,8,14,2.7
"https://amazon.com/dp/B0BHSYBFGX","B0BHSYBFGX","18 oz Coffee Mug with Lid, Insulated Tumbler Thermos Travel Cup, Stainless Steel Glass Water Bottle Cup for Home, Office, Kitchen Coffee, Tea, Chocolate, Milk, (White)","LeadYuantop","FBA","Kitchen & Dining",50048,"Thermoses",19.99,-8,289,-13,5777.11,135,4,"Liyuan Maoyi",1,2618,"N/A","Large Standard-Size",3.98,4.06,7.76,0.68,50.07,174.16,"12/01/2022",14,6,6,2.16
"https://amazon.com/dp/B0BHSSVR54","B0BHSSVR54","200mm SDS Plus Shank Connecting Rod with a Pilot Drill Bit and 2 Screws for Concrete Cement Hole Saw (SDS Plus Rod: 200mm)","GUICGOC","FBA","Tools & Home Improvement",18962,"Hole Saw Sets",14.99,"N/A",393,54,5891.07,155,4.1,"GUOQEE",1,4095,"N/A","Large Standard-Size",1.69,1.93,8.9,0.88,11.59,40.32,"10/01/2023",14,7,58,2.54
"https://amazon.com/dp/B0BCFQMG9P","B0BCFQMG9P","220mm SDS Max Shank Connecting Rod with Pilot Drill Bit for Concrete Cement Hole Saw (SDS Max Rod: 220mm)","GUICGOC","FBA","Tools & Home Improvement",18993,"Hole Saw Sets",13.99,"N/A",393,54,5498.07,155,4.1,"GUOQEE",1,4095,"N/A","Large Standard-Size",1.46,2.4,10.08,1.28,14.1,49.06,"10/01/2023",14,5,58,2.54
"https://amazon.com/dp/B0B7ZLF4YG","B0B7ZLF4YG","GUICGOC 400mm SDS Plus Shank Connecting Rod with a Pilot Drill Bit for Concrete Cement Hole Saw (Rod: 400mm SDS Plus)","GUICGOC","FBA","Tools & Home Improvement",65695,"Hole Saw Sets",28.99,"N/A",156,-12,4522.44,74,3.9,"GUOQEE",1,2043,"N/A","Large Standard-Size",2.17,2.17,16.85,2.14,31.68,110.2,"10/01/2023",16,7,45,2.11
"https://amazon.com/dp/B09R3TCZB4","B09R3TCZB4","IZSOHHOME Replacement Vacuum Wand Hose,for Central Vacuums with Adjustable Length, Plated Chrome,32mm(1-1/4inch) with 1 Adapter (Not for Miele)","IZSOHHOME","FBA","Home & Kitchen",250782,"Attachments",23.98,21,202,173,4843.96,36,4.1,"iZSOHHOME",1,1209,"N/A","Small Oversize",2.1,2.5,24.8,1.35,36.17,90.42,"01/01/2024",15,6,0,5.61
"https://amazon.com/dp/B0BK1Z551X","B0BK1Z551X","Juicy Couture Twin Size Satin Bed Sheet Set, Deep Pocket Satin Twin Sheet Set with 1 Fitted Sheet, 1 Flat Sheet and 1 Pillow Case, Wrinkle Resistant and Anti Pilling - Emerald Green","Juicy Couture","Amazon","Home & Kitchen",101880,"Sheet & Pillowcase Sets",31.67,5,152,-28,4813.84,407,4.2,"Amazon",1,"N/A","N/A","Large Standard-Size",2.6,10.43,13.62,2.18,"N/A","N/A","07/01/2023",15,7,48,0.37
"https://amazon.com/dp/B0BF55H92H","B0BF55H92H","Rechargeable Wall Sconce Magnetic Wireless Lamp RGB Colors Dimmable with Fabric Linen Shade and Remote, Lighting Decor Set of 2 for Bedroom Living Room Hallway","Lenarinter","FBA","Tools & Home Improvement",32809,"Wall Lamps & Sconces",34.99,4,229,47,8012.71,329,4,"Lrlite-Lights",1,"N/A","N/A","Large Standard-Size",2.95,7.36,10.51,1.98,91.25,317.38,"03/01/2023",14,7,4,0.7
"https://amazon.com/dp/B0BL4MGGTJ","B0BL4MGGTJ","Roninby 35 Water Panel Humidifier Filter Replacement Compatible with Aprilaire 35 350, 360, 560, 560A, 568, 600, 700, 760, 760A, 768; Honeywell HC26P 260A, 260B, 265A, 265B, 360A, 360B 3 Pack","Roninby","FBA","Tools & Home Improvement",40433,"Replacement Wicks",35.99,-11,263,-1,9465.37,60,3.9,"Roninby",1,"N/A","N/A","Large Standard-Size",5.39,10.43,13.03,1.06,292.5,1017.38,"12/01/2023",14,7,2,4.38
"https://amazon.com/dp/B0BGC6YRD5","B0BGC6YRD5","Feadily 4PCS Small Drawer Organizer for Desk, Desktop Drawer Organizer with 9 Clear Drawers, Plastic Desktop Storage Drawers 7.1"" x 3 .9"" x 4.7"", White","Feadily","FBA","Office Products",9883,"Drawer Organizers",26.99,"N/A",533,,14385.67,222,4.2,"Feadily",1,"N/A","N/A","Large Standard-Size",7.2,7.7,9.5,2.5,210.31,731.5,"-",15,7,6,2.46
"https://amazon.com/dp/B0BCTHF7D4","B0BCTHF7D4","Dog Tuxedo, Formal Dog Clothes Shirt Costume Wedding Attire Party Bow Tie Suit, Dog Outfit for Small Medium Large Dogs Cats, Halloween Pet Costumes Birthday Puppy Clothing Christmas Apparel (XXL)","Qidelong","FBA","Pet Supplies",20843,"Costumes",16.99,-1,360,-43,6116.4,149,4.2,"Quanzhou Ruying Trading Co., Ltd.",1,4749,"N/A","Large Standard-Size",1.5,5.79,7.13,0.4,24.73,86.01,"12/01/2023",16,7,6,2.42
"https://amazon.com/dp/B0BL41V4SQ","B0BL41V4SQ","HCS Stethoscope, Classic Lightweight - Blue Stethoscopes for Nurses, Students, Home - 22 inch Tubing, Estetoscopio - Dual Head Stethoscope","HCS MEDICAL SOLUTIONS","FBA","Industrial & Scientific",10569,"Stethoscopes",19.99,"N/A",273,-18,5457.27,98,3.7,"LD Medical Supply",2,2786,"N/A","Large Standard-Size",1.54,4.69,9.76,0.51,28.15,97.91,"09/01/2023",14,8,3,2.79
"https://amazon.com/dp/B0BKG9C3B8","B0BKG9C3B8","FIPASEN Reptile Heating Mat, 2PCS Reptile Heating Pad with Temperature Adjustment for Reptiles Tortoise Snakes Lizard Gecko Hermit Crab Amphibians - Removable Terrarium Heat Mats(20W,11x16.5 inches)","FIPASEN","FBA","Pet Supplies",22551,"Heat Mats",23.99,"N/A",227,17,5445.73,104,4.2,"Pasen-US",1,2153,"N/A","Large Standard-Size",1.5,12.68,17.13,0.73,130.1,452.52,"01/01/2024",14,9,3,2.18
"https://amazon.com/dp/B0BJD5VVXS","B0BJD5VVXS","MaraFansie Grid Storage Basket, Cabinet Door Organizer, Wall Hanging Basket with Hook Over the Cabinet/Railing, Under Sink Kitchen Cabinet, Pantry, Bathroom, Small, Black, 4 Pack","MaraFansie","FBA","Kitchen & Dining",51321,"Hanging Baskets",24.99,-32,214,71,5347.86,213,4.2,"MaraFansie",1,2581,"N/A","Large Standard-Size",5.31,8.27,11.57,2.74,203.1,706.43,"01/01/2023",14,8,4,1.02
"https://amazon.com/dp/B0BJTFC5N4","B0BJTFC5N4","Large Storage Bins with Lids, Stackable Storage Containers for Clothes，Foldable Storage Boxes for Organizing, Closet Organizer for Sheet, Fabric Storage Cubes for Blanket Storage, Comforter, 2Pack-52L","boailydi","FBA","Home & Kitchen",78762,"Lidded Storage Bins",22.99,-17,236,,5425.64,101,4.2,"HuBaiKeJi",1,"N/A","N/A","Large Standard-Size",4.17,11.73,14.09,3.97,275.2,957.22,"01/01/2024",14,7,5,2.34
"https://amazon.com/dp/B0BPZZPS3F","B0BPZZPS3F","Lexi Home Tri-ply 10"" Stainless Steel Scratch Resistant Nonstick Frying Pan","Lexi Home","FBM","Kitchen & Dining",34451,"Skillets",48.99,"N/A",188,60,9118,215,4.2,"MartiInc",3,779,"N/A","Small Oversize",3.86,12.6,19.09,3.04,"N/A","N/A","11/01/2023",14,6,7,0.87
"https://amazon.com/dp/B0B6FZ5MG7","B0B6FZ5MG7","FONIRRA High Visibility Safety Sweatshirts for Men with Detachable Hood ANSI Class 3 Reflective Hi Vis Work Fleece Hoodie(Orange,3XL)","FONIRRA","FBA","Tools & Home Improvement",68935,"Jackets",49.99,-18,232,-11,11597.68,114,4.1,"UNITED STASTES INC",1,1664,"N/A","Large Standard-Size",4.06,13.78,15.75,1.57,351.37,1222.17,"01/01/2024",17,7,32,2.04
"https://amazon.com/dp/B0BHQW9YXV","B0BHQW9YXV","Vgo... 1Pair 0℃/32°F Winter Cow Leather Work Gloves, Cold Weather Waterproof Safety Work Gloves,Cold Storage or Freezer Use(Size M,Blue,CA9790FLWP)","Vgo...","FBA","Tools & Home Improvement",93807,"Safety Work Gloves",27.98,"N/A",235,-76,6575.3,266,4.1,"Vgo Glove",1,2828,"N/A","Large Standard-Size",1.97,5.43,10.24,0.31,43.74,152.14,"12/01/2022",14,6,17,0.88
"https://amazon.com/dp/B0BNVKNPYL","B0BNVKNPYL","Fumete 2 Pcs Decorative Pillows 14 x 14 Inch Throw Knot Pillow for Couch Bedroom Soft Plush Sofa Pillow Ball Handmade Chair Cushion for Living Room Car Decorations (Gray)","Fumete","FBA","Home & Kitchen",50374,"Throw Pillows",36.99,"N/A",222,48,8211.78,140,4.2,"QiaooUKpcco",1,"N/A","N/A","Large Standard-Size",5.24,9.72,11.85,2.58,241,838.27,"08/01/2023",14,7,9,1.59
"https://amazon.com/dp/B09Y7ZNTJC","B09Y7ZNTJC","Reli. Plastic Squeeze Bottles, 32 oz. | 8 Pack | Condiment Squeeze Bottles for Sauces | Clear w/Tethered Caps | 32 Ounce Hot Sauce, Ketchup Bottles | Squirt Bottles for Condiments, Olive Oil, Liquids","Reli.","FBA","Kitchen & Dining",29732,"Condiment Squeeze Bottles",24.99,"N/A",268,1278,6697.32,108,4,"Reli.",1,3077,"N/A","Large Standard-Size",6.06,12.09,12.36,1.5,361.6,1257.72,"04/01/2023",22,6,0,2.48